HR,LR
/Users/peterli/Desktop/BS_thesis/nicmos_se_hr_10_001/se_nicmos_H_100248+0247_sci_25.fits,/Users/peterli/Desktop/BS_thesis/nicmos_se_lr_10_001/lr_se_nicmos_H_100248+0247_sci_25.fits
/Users/peterli/Desktop/BS_thesis/nicmos_se_hr_10_001/se_nicmos_H_095940+0255_sci_25.fits,/Users/peterli/Desktop/BS_thesis/nicmos_se_lr_10_001/lr_se_nicmos_H_095940+0255_sci_25.fits
/Users/peterli/Desktop/BS_thesis/nicmos_se_hr_10_001/se_nicmos_H_095907+0242_sci_25.fits,/Users/peterli/Desktop/BS_thesis/nicmos_se_lr_10_001/lr_se_nicmos_H_095907+0242_sci_25.fits
/Users/peterli/Desktop/BS_thesis/nicmos_se_hr_10_001/se_nicmos_H_100059+0218_sci_25.fits,/Users/peterli/Desktop/BS_thesis/nicmos_se_lr_10_001/lr_se_nicmos_H_100059+0218_sci_25.fits
/Users/peterli/Desktop/BS_thesis/nicmos_se_hr_10_001/se_nicmos_H_100253+0232_sci_25.fits,/Users/peterli/Desktop/BS_thesis/nicmos_se_lr_10_001/lr_se_nicmos_H_100253+0232_sci_25.fits
/Users/peterli/Desktop/BS_thesis/nicmos_se_hr_10_001/se_nicmos_H_100221+0129_sci_25.fits,/Users/peterli/Desktop/BS_thesis/nicmos_se_lr_10_001/lr_se_nicmos_H_100221+0129_sci_25.fits
/Users/peterli/Desktop/BS_thesis/nicmos_se_hr_10_001/se_nicmos_H_100255+0256_sci_25.fits,/Users/peterli/Desktop/BS_thesis/nicmos_se_lr_10_001/lr_se_nicmos_H_100255+0256_sci_25.fits
/Users/peterli/Desktop/BS_thesis/nicmos_se_hr_10_001/se_nicmos_H_100207+0222_sci_25.fits,/Users/peterli/Desktop/BS_thesis/nicmos_se_lr_10_001/lr_se_nicmos_H_100207+0222_sci_25.fits
/Users/peterli/Desktop/BS_thesis/nicmos_se_hr_10_001/se_nicmos_H_095958+0205_sci_25.fits,/Users/peterli/Desktop/BS_thesis/nicmos_se_lr_10_001/lr_se_nicmos_H_095958+0205_sci_25.fits
/Users/peterli/Desktop/BS_thesis/nicmos_se_hr_10_001/se_nicmos_H_100259+0148_sci_25.fits,/Users/peterli/Desktop/BS_thesis/nicmos_se_lr_10_001/lr_se_nicmos_H_100259+0148_sci_25.fits
/Users/peterli/Desktop/BS_thesis/nicmos_se_hr_10_001/se_nicmos_H_100020+0221_sci_25.fits,/Users/peterli/Desktop/BS_thesis/nicmos_se_lr_10_001/lr_se_nicmos_H_100020+0221_sci_25.fits
/Users/peterli/Desktop/BS_thesis/nicmos_se_hr_10_001/se_nicmos_H_100210+0149_sci_25.fits,/Users/peterli/Desktop/BS_thesis/nicmos_se_lr_10_001/lr_se_nicmos_H_100210+0149_sci_25.fits
/Users/peterli/Desktop/BS_thesis/nicmos_se_hr_10_001/se_nicmos_H_100005+0254_sci_25.fits,/Users/peterli/Desktop/BS_thesis/nicmos_se_lr_10_001/lr_se_nicmos_H_100005+0254_sci_25.fits
/Users/peterli/Desktop/BS_thesis/nicmos_se_hr_10_001/se_nicmos_H_095904+0239_sci_25.fits,/Users/peterli/Desktop/BS_thesis/nicmos_se_lr_10_001/lr_se_nicmos_H_095904+0239_sci_25.fits
/Users/peterli/Desktop/BS_thesis/nicmos_se_hr_10_001/se_nicmos_H_100253+0137_sci_25.fits,/Users/peterli/Desktop/BS_thesis/nicmos_se_lr_10_001/lr_se_nicmos_H_100253+0137_sci_25.fits
/Users/peterli/Desktop/BS_thesis/nicmos_se_hr_10_001/se_nicmos_H_100252+0234_sci_25.fits,/Users/peterli/Desktop/BS_thesis/nicmos_se_lr_10_001/lr_se_nicmos_H_100252+0234_sci_25.fits
/Users/peterli/Desktop/BS_thesis/nicmos_se_hr_10_001/se_nicmos_H_100003+0230_sci_25.fits,/Users/peterli/Desktop/BS_thesis/nicmos_se_lr_10_001/lr_se_nicmos_H_100003+0230_sci_25.fits
/Users/peterli/Desktop/BS_thesis/nicmos_se_hr_10_001/se_nicmos_H_095822+0255_sci_25.fits,/Users/peterli/Desktop/BS_thesis/nicmos_se_lr_10_001/lr_se_nicmos_H_095822+0255_sci_25.fits
/Users/peterli/Desktop/BS_thesis/nicmos_se_hr_10_001/se_nicmos_H_095952+0254_sci_25.fits,/Users/peterli/Desktop/BS_thesis/nicmos_se_lr_10_001/lr_se_nicmos_H_095952+0254_sci_25.fits
/Users/peterli/Desktop/BS_thesis/nicmos_se_hr_10_001/se_nicmos_H_100107+0152_sci_25.fits,/Users/peterli/Desktop/BS_thesis/nicmos_se_lr_10_001/lr_se_nicmos_H_100107+0152_sci_25.fits
/Users/peterli/Desktop/BS_thesis/nicmos_se_hr_10_001/se_nicmos_H_095956+0221_sci_25.fits,/Users/peterli/Desktop/BS_thesis/nicmos_se_lr_10_001/lr_se_nicmos_H_095956+0221_sci_25.fits
/Users/peterli/Desktop/BS_thesis/nicmos_se_hr_10_001/se_nicmos_H_100055+0231_sci_25.fits,/Users/peterli/Desktop/BS_thesis/nicmos_se_lr_10_001/lr_se_nicmos_H_100055+0231_sci_25.fits
/Users/peterli/Desktop/BS_thesis/nicmos_se_hr_10_001/se_nicmos_H_095819+0153_sci_25.fits,/Users/peterli/Desktop/BS_thesis/nicmos_se_lr_10_001/lr_se_nicmos_H_095819+0153_sci_25.fits
/Users/peterli/Desktop/BS_thesis/nicmos_se_hr_10_001/se_nicmos_H_100246+0148_sci_25.fits,/Users/peterli/Desktop/BS_thesis/nicmos_se_lr_10_001/lr_se_nicmos_H_100246+0148_sci_25.fits
/Users/peterli/Desktop/BS_thesis/nicmos_se_hr_10_001/se_nicmos_H_100148+0137_sci_25.fits,/Users/peterli/Desktop/BS_thesis/nicmos_se_lr_10_001/lr_se_nicmos_H_100148+0137_sci_25.fits
/Users/peterli/Desktop/BS_thesis/nicmos_se_hr_10_001/se_nicmos_H_100011+0128_sci_25.fits,/Users/peterli/Desktop/BS_thesis/nicmos_se_lr_10_001/lr_se_nicmos_H_100011+0128_sci_25.fits
/Users/peterli/Desktop/BS_thesis/nicmos_se_hr_10_001/se_nicmos_H_100031+0237_sci_25.fits,/Users/peterli/Desktop/BS_thesis/nicmos_se_lr_10_001/lr_se_nicmos_H_100031+0237_sci_25.fits
/Users/peterli/Desktop/BS_thesis/nicmos_se_hr_10_001/se_nicmos_H_095758+0200_sci_25.fits,/Users/peterli/Desktop/BS_thesis/nicmos_se_lr_10_001/lr_se_nicmos_H_095758+0200_sci_25.fits
/Users/peterli/Desktop/BS_thesis/nicmos_se_hr_10_001/se_nicmos_H_100216+0234_sci_25.fits,/Users/peterli/Desktop/BS_thesis/nicmos_se_lr_10_001/lr_se_nicmos_H_100216+0234_sci_25.fits
/Users/peterli/Desktop/BS_thesis/nicmos_se_hr_10_001/se_nicmos_H_095842+0153_sci_25.fits,/Users/peterli/Desktop/BS_thesis/nicmos_se_lr_10_001/lr_se_nicmos_H_095842+0153_sci_25.fits
/Users/peterli/Desktop/BS_thesis/nicmos_se_hr_10_001/se_nicmos_H_100104+0129_sci_25.fits,/Users/peterli/Desktop/BS_thesis/nicmos_se_lr_10_001/lr_se_nicmos_H_100104+0129_sci_25.fits
/Users/peterli/Desktop/BS_thesis/nicmos_se_hr_10_001/se_nicmos_H_095840+0205_sci_25.fits,/Users/peterli/Desktop/BS_thesis/nicmos_se_lr_10_001/lr_se_nicmos_H_095840+0205_sci_25.fits
/Users/peterli/Desktop/BS_thesis/nicmos_se_hr_10_001/se_nicmos_H_095853+0129_sci_25.fits,/Users/peterli/Desktop/BS_thesis/nicmos_se_lr_10_001/lr_se_nicmos_H_095853+0129_sci_25.fits
/Users/peterli/Desktop/BS_thesis/nicmos_se_hr_10_001/se_nicmos_H_095755+0233_sci_25.fits,/Users/peterli/Desktop/BS_thesis/nicmos_se_lr_10_001/lr_se_nicmos_H_095755+0233_sci_25.fits
/Users/peterli/Desktop/BS_thesis/nicmos_se_hr_10_001/se_nicmos_H_100138+0141_sci_25.fits,/Users/peterli/Desktop/BS_thesis/nicmos_se_lr_10_001/lr_se_nicmos_H_100138+0141_sci_25.fits
/Users/peterli/Desktop/BS_thesis/nicmos_se_hr_10_001/se_nicmos_H_100218+0237_sci_25.fits,/Users/peterli/Desktop/BS_thesis/nicmos_se_lr_10_001/lr_se_nicmos_H_100218+0237_sci_25.fits
/Users/peterli/Desktop/BS_thesis/nicmos_se_hr_10_001/se_nicmos_H_100136+0157_sci_25.fits,/Users/peterli/Desktop/BS_thesis/nicmos_se_lr_10_001/lr_se_nicmos_H_100136+0157_sci_25.fits
/Users/peterli/Desktop/BS_thesis/nicmos_se_hr_10_001/se_nicmos_H_095858+0230_sci_25.fits,/Users/peterli/Desktop/BS_thesis/nicmos_se_lr_10_001/lr_se_nicmos_H_095858+0230_sci_25.fits
/Users/peterli/Desktop/BS_thesis/nicmos_se_hr_10_001/se_nicmos_H_095929+0219_sci_25.fits,/Users/peterli/Desktop/BS_thesis/nicmos_se_lr_10_001/lr_se_nicmos_H_095929+0219_sci_25.fits
/Users/peterli/Desktop/BS_thesis/nicmos_se_hr_10_001/se_nicmos_H_095959+0224_sci_25.fits,/Users/peterli/Desktop/BS_thesis/nicmos_se_lr_10_001/lr_se_nicmos_H_095959+0224_sci_25.fits
/Users/peterli/Desktop/BS_thesis/nicmos_se_hr_10_001/se_nicmos_H_100221+0150_sci_25.fits,/Users/peterli/Desktop/BS_thesis/nicmos_se_lr_10_001/lr_se_nicmos_H_100221+0150_sci_25.fits
/Users/peterli/Desktop/BS_thesis/nicmos_se_hr_10_001/se_nicmos_H_100252+0213_sci_25.fits,/Users/peterli/Desktop/BS_thesis/nicmos_se_lr_10_001/lr_se_nicmos_H_100252+0213_sci_25.fits
/Users/peterli/Desktop/BS_thesis/nicmos_se_hr_10_001/se_nicmos_H_100250+0230_sci_25.fits,/Users/peterli/Desktop/BS_thesis/nicmos_se_lr_10_001/lr_se_nicmos_H_100250+0230_sci_25.fits
/Users/peterli/Desktop/BS_thesis/nicmos_se_hr_10_001/se_nicmos_H_095858+0135_sci_25.fits,/Users/peterli/Desktop/BS_thesis/nicmos_se_lr_10_001/lr_se_nicmos_H_095858+0135_sci_25.fits
/Users/peterli/Desktop/BS_thesis/nicmos_se_hr_10_001/se_nicmos_H_095939+0215_sci_25.fits,/Users/peterli/Desktop/BS_thesis/nicmos_se_lr_10_001/lr_se_nicmos_H_095939+0215_sci_25.fits
/Users/peterli/Desktop/BS_thesis/nicmos_se_hr_10_001/se_nicmos_H_100255+0201_sci_25.fits,/Users/peterli/Desktop/BS_thesis/nicmos_se_lr_10_001/lr_se_nicmos_H_100255+0201_sci_25.fits
/Users/peterli/Desktop/BS_thesis/nicmos_se_hr_10_001/se_nicmos_H_095827+0146_sci_25.fits,/Users/peterli/Desktop/BS_thesis/nicmos_se_lr_10_001/lr_se_nicmos_H_095827+0146_sci_25.fits
/Users/peterli/Desktop/BS_thesis/nicmos_se_hr_10_001/se_nicmos_H_100146+0134_sci_25.fits,/Users/peterli/Desktop/BS_thesis/nicmos_se_lr_10_001/lr_se_nicmos_H_100146+0134_sci_25.fits
/Users/peterli/Desktop/BS_thesis/nicmos_se_hr_10_001/se_nicmos_H_100012+0243_sci_25.fits,/Users/peterli/Desktop/BS_thesis/nicmos_se_lr_10_001/lr_se_nicmos_H_100012+0243_sci_25.fits
/Users/peterli/Desktop/BS_thesis/nicmos_se_hr_10_001/se_nicmos_H_100137+0216_sci_25.fits,/Users/peterli/Desktop/BS_thesis/nicmos_se_lr_10_001/lr_se_nicmos_H_100137+0216_sci_25.fits
/Users/peterli/Desktop/BS_thesis/nicmos_se_hr_10_001/se_nicmos_H_095913+0232_sci_25.fits,/Users/peterli/Desktop/BS_thesis/nicmos_se_lr_10_001/lr_se_nicmos_H_095913+0232_sci_25.fits
/Users/peterli/Desktop/BS_thesis/nicmos_se_hr_10_001/se_nicmos_H_100201+0156_sci_25.fits,/Users/peterli/Desktop/BS_thesis/nicmos_se_lr_10_001/lr_se_nicmos_H_100201+0156_sci_25.fits
/Users/peterli/Desktop/BS_thesis/nicmos_se_hr_10_001/se_nicmos_H_100102+0241_sci_25.fits,/Users/peterli/Desktop/BS_thesis/nicmos_se_lr_10_001/lr_se_nicmos_H_100102+0241_sci_25.fits
/Users/peterli/Desktop/BS_thesis/nicmos_se_hr_10_001/se_nicmos_H_100150+0235_sci_25.fits,/Users/peterli/Desktop/BS_thesis/nicmos_se_lr_10_001/lr_se_nicmos_H_100150+0235_sci_25.fits
/Users/peterli/Desktop/BS_thesis/nicmos_se_hr_10_001/se_nicmos_H_095832+0212_sci_25.fits,/Users/peterli/Desktop/BS_thesis/nicmos_se_lr_10_001/lr_se_nicmos_H_095832+0212_sci_25.fits
/Users/peterli/Desktop/BS_thesis/nicmos_se_hr_10_001/se_nicmos_H_095930+0223_sci_25.fits,/Users/peterli/Desktop/BS_thesis/nicmos_se_lr_10_001/lr_se_nicmos_H_095930+0223_sci_25.fits
/Users/peterli/Desktop/BS_thesis/nicmos_se_hr_10_001/se_nicmos_H_095821+0215_sci_25.fits,/Users/peterli/Desktop/BS_thesis/nicmos_se_lr_10_001/lr_se_nicmos_H_095821+0215_sci_25.fits
/Users/peterli/Desktop/BS_thesis/nicmos_se_hr_10_001/se_nicmos_H_100236+0227_sci_25.fits,/Users/peterli/Desktop/BS_thesis/nicmos_se_lr_10_001/lr_se_nicmos_H_100236+0227_sci_25.fits
/Users/peterli/Desktop/BS_thesis/nicmos_se_hr_10_001/se_nicmos_H_100152+0238_sci_25.fits,/Users/peterli/Desktop/BS_thesis/nicmos_se_lr_10_001/lr_se_nicmos_H_100152+0238_sci_25.fits
/Users/peterli/Desktop/BS_thesis/nicmos_se_hr_10_001/se_nicmos_H_100249+0151_sci_25.fits,/Users/peterli/Desktop/BS_thesis/nicmos_se_lr_10_001/lr_se_nicmos_H_100249+0151_sci_25.fits
/Users/peterli/Desktop/BS_thesis/nicmos_se_hr_10_001/se_nicmos_H_095913+0137_sci_25.fits,/Users/peterli/Desktop/BS_thesis/nicmos_se_lr_10_001/lr_se_nicmos_H_095913+0137_sci_25.fits
/Users/peterli/Desktop/BS_thesis/nicmos_se_hr_10_001/se_nicmos_H_095817+0249_sci_25.fits,/Users/peterli/Desktop/BS_thesis/nicmos_se_lr_10_001/lr_se_nicmos_H_095817+0249_sci_25.fits
/Users/peterli/Desktop/BS_thesis/nicmos_se_hr_10_001/se_nicmos_H_100116+0224_sci_25.fits,/Users/peterli/Desktop/BS_thesis/nicmos_se_lr_10_001/lr_se_nicmos_H_100116+0224_sci_25.fits
/Users/peterli/Desktop/BS_thesis/nicmos_se_hr_10_001/se_nicmos_H_100236+0152_sci_25.fits,/Users/peterli/Desktop/BS_thesis/nicmos_se_lr_10_001/lr_se_nicmos_H_100236+0152_sci_25.fits
/Users/peterli/Desktop/BS_thesis/nicmos_se_hr_10_001/se_nicmos_H_100042+0153_sci_25.fits,/Users/peterli/Desktop/BS_thesis/nicmos_se_lr_10_001/lr_se_nicmos_H_100042+0153_sci_25.fits
/Users/peterli/Desktop/BS_thesis/nicmos_se_hr_10_001/se_nicmos_H_095941+0218_sci_25.fits,/Users/peterli/Desktop/BS_thesis/nicmos_se_lr_10_001/lr_se_nicmos_H_095941+0218_sci_25.fits
/Users/peterli/Desktop/BS_thesis/nicmos_se_hr_10_001/se_nicmos_H_100125+0217_sci_25.fits,/Users/peterli/Desktop/BS_thesis/nicmos_se_lr_10_001/lr_se_nicmos_H_100125+0217_sci_25.fits
/Users/peterli/Desktop/BS_thesis/nicmos_se_hr_10_001/se_nicmos_H_100020+0141_sci_25.fits,/Users/peterli/Desktop/BS_thesis/nicmos_se_lr_10_001/lr_se_nicmos_H_100020+0141_sci_25.fits
/Users/peterli/Desktop/BS_thesis/nicmos_se_hr_10_001/se_nicmos_H_095841+0224_sci_25.fits,/Users/peterli/Desktop/BS_thesis/nicmos_se_lr_10_001/lr_se_nicmos_H_095841+0224_sci_25.fits
/Users/peterli/Desktop/BS_thesis/nicmos_se_hr_10_001/se_nicmos_H_100252+0154_sci_25.fits,/Users/peterli/Desktop/BS_thesis/nicmos_se_lr_10_001/lr_se_nicmos_H_100252+0154_sci_25.fits
/Users/peterli/Desktop/BS_thesis/nicmos_se_hr_10_001/se_nicmos_H_100024+0128_sci_25.fits,/Users/peterli/Desktop/BS_thesis/nicmos_se_lr_10_001/lr_se_nicmos_H_100024+0128_sci_25.fits
/Users/peterli/Desktop/BS_thesis/nicmos_se_hr_10_001/se_nicmos_H_100150+0140_sci_25.fits,/Users/peterli/Desktop/BS_thesis/nicmos_se_lr_10_001/lr_se_nicmos_H_100150+0140_sci_25.fits
/Users/peterli/Desktop/BS_thesis/nicmos_se_hr_10_001/se_nicmos_H_100054+0152_sci_25.fits,/Users/peterli/Desktop/BS_thesis/nicmos_se_lr_10_001/lr_se_nicmos_H_100054+0152_sci_25.fits
/Users/peterli/Desktop/BS_thesis/nicmos_se_hr_10_001/se_nicmos_H_100058+0139_sci_25.fits,/Users/peterli/Desktop/BS_thesis/nicmos_se_lr_10_001/lr_se_nicmos_H_100058+0139_sci_25.fits
/Users/peterli/Desktop/BS_thesis/nicmos_se_hr_10_001/se_nicmos_H_100155+0146_sci_25.fits,/Users/peterli/Desktop/BS_thesis/nicmos_se_lr_10_001/lr_se_nicmos_H_100155+0146_sci_25.fits
/Users/peterli/Desktop/BS_thesis/nicmos_se_hr_10_001/se_nicmos_H_100039+0225_sci_25.fits,/Users/peterli/Desktop/BS_thesis/nicmos_se_lr_10_001/lr_se_nicmos_H_100039+0225_sci_25.fits
/Users/peterli/Desktop/BS_thesis/nicmos_se_hr_10_001/se_nicmos_H_095850+0142_sci_25.fits,/Users/peterli/Desktop/BS_thesis/nicmos_se_lr_10_001/lr_se_nicmos_H_095850+0142_sci_25.fits
/Users/peterli/Desktop/BS_thesis/nicmos_se_hr_10_001/se_nicmos_H_100120+0211_sci_25.fits,/Users/peterli/Desktop/BS_thesis/nicmos_se_lr_10_001/lr_se_nicmos_H_100120+0211_sci_25.fits
/Users/peterli/Desktop/BS_thesis/nicmos_se_hr_10_001/se_nicmos_H_100043+0217_sci_25.fits,/Users/peterli/Desktop/BS_thesis/nicmos_se_lr_10_001/lr_se_nicmos_H_100043+0217_sci_25.fits
/Users/peterli/Desktop/BS_thesis/nicmos_se_hr_10_001/se_nicmos_H_100159+0228_sci_25.fits,/Users/peterli/Desktop/BS_thesis/nicmos_se_lr_10_001/lr_se_nicmos_H_100159+0228_sci_25.fits
/Users/peterli/Desktop/BS_thesis/nicmos_se_hr_10_001/se_nicmos_H_100200+0212_sci_25.fits,/Users/peterli/Desktop/BS_thesis/nicmos_se_lr_10_001/lr_se_nicmos_H_100200+0212_sci_25.fits
/Users/peterli/Desktop/BS_thesis/nicmos_se_hr_10_001/se_nicmos_H_095850+0237_sci_25.fits,/Users/peterli/Desktop/BS_thesis/nicmos_se_lr_10_001/lr_se_nicmos_H_095850+0237_sci_25.fits
/Users/peterli/Desktop/BS_thesis/nicmos_se_hr_10_001/se_nicmos_H_100039+0150_sci_25.fits,/Users/peterli/Desktop/BS_thesis/nicmos_se_lr_10_001/lr_se_nicmos_H_100039+0150_sci_25.fits
/Users/peterli/Desktop/BS_thesis/nicmos_se_hr_10_001/se_nicmos_H_095911+0214_sci_25.fits,/Users/peterli/Desktop/BS_thesis/nicmos_se_lr_10_001/lr_se_nicmos_H_095911+0214_sci_25.fits
/Users/peterli/Desktop/BS_thesis/nicmos_se_hr_10_001/se_nicmos_H_095810+0200_sci_25.fits,/Users/peterli/Desktop/BS_thesis/nicmos_se_lr_10_001/lr_se_nicmos_H_095810+0200_sci_25.fits
/Users/peterli/Desktop/BS_thesis/nicmos_se_hr_10_001/se_nicmos_H_095940+0235_sci_25.fits,/Users/peterli/Desktop/BS_thesis/nicmos_se_lr_10_001/lr_se_nicmos_H_095940+0235_sci_25.fits
/Users/peterli/Desktop/BS_thesis/nicmos_se_hr_10_001/se_nicmos_H_100248+0227_sci_25.fits,/Users/peterli/Desktop/BS_thesis/nicmos_se_lr_10_001/lr_se_nicmos_H_100248+0227_sci_25.fits
/Users/peterli/Desktop/BS_thesis/nicmos_se_hr_10_001/se_nicmos_H_095927+0216_sci_25.fits,/Users/peterli/Desktop/BS_thesis/nicmos_se_lr_10_001/lr_se_nicmos_H_095927+0216_sci_25.fits
/Users/peterli/Desktop/BS_thesis/nicmos_se_hr_10_001/se_nicmos_H_100048+0202_sci_25.fits,/Users/peterli/Desktop/BS_thesis/nicmos_se_lr_10_001/lr_se_nicmos_H_100048+0202_sci_25.fits
/Users/peterli/Desktop/BS_thesis/nicmos_se_hr_10_001/se_nicmos_H_100007+0217_sci_25.fits,/Users/peterli/Desktop/BS_thesis/nicmos_se_lr_10_001/lr_se_nicmos_H_100007+0217_sci_25.fits
/Users/peterli/Desktop/BS_thesis/nicmos_se_hr_10_001/se_nicmos_H_100105+0208_sci_25.fits,/Users/peterli/Desktop/BS_thesis/nicmos_se_lr_10_001/lr_se_nicmos_H_100105+0208_sci_25.fits
/Users/peterli/Desktop/BS_thesis/nicmos_se_hr_10_001/se_nicmos_H_095839+0240_sci_25.fits,/Users/peterli/Desktop/BS_thesis/nicmos_se_lr_10_001/lr_se_nicmos_H_095839+0240_sci_25.fits
/Users/peterli/Desktop/BS_thesis/nicmos_se_hr_10_001/se_nicmos_H_095922+0209_sci_25.fits,/Users/peterli/Desktop/BS_thesis/nicmos_se_lr_10_001/lr_se_nicmos_H_095922+0209_sci_25.fits
/Users/peterli/Desktop/BS_thesis/nicmos_se_hr_10_001/se_nicmos_H_100105+0153_sci_25.fits,/Users/peterli/Desktop/BS_thesis/nicmos_se_lr_10_001/lr_se_nicmos_H_100105+0153_sci_25.fits
/Users/peterli/Desktop/BS_thesis/nicmos_se_hr_10_001/se_nicmos_H_095829+0149_sci_25.fits,/Users/peterli/Desktop/BS_thesis/nicmos_se_lr_10_001/lr_se_nicmos_H_095829+0149_sci_25.fits
/Users/peterli/Desktop/BS_thesis/nicmos_se_hr_10_001/se_nicmos_H_100030+0213_sci_25.fits,/Users/peterli/Desktop/BS_thesis/nicmos_se_lr_10_001/lr_se_nicmos_H_100030+0213_sci_25.fits
/Users/peterli/Desktop/BS_thesis/nicmos_se_hr_10_001/se_nicmos_H_100036+0207_sci_25.fits,/Users/peterli/Desktop/BS_thesis/nicmos_se_lr_10_001/lr_se_nicmos_H_100036+0207_sci_25.fits
/Users/peterli/Desktop/BS_thesis/nicmos_se_hr_10_001/se_nicmos_H_095959+0148_sci_25.fits,/Users/peterli/Desktop/BS_thesis/nicmos_se_lr_10_001/lr_se_nicmos_H_095959+0148_sci_25.fits
/Users/peterli/Desktop/BS_thesis/nicmos_se_hr_10_001/se_nicmos_H_095812+0223_sci_25.fits,/Users/peterli/Desktop/BS_thesis/nicmos_se_lr_10_001/lr_se_nicmos_H_095812+0223_sci_25.fits
/Users/peterli/Desktop/BS_thesis/nicmos_se_hr_10_001/se_nicmos_H_100214+0155_sci_25.fits,/Users/peterli/Desktop/BS_thesis/nicmos_se_lr_10_001/lr_se_nicmos_H_100214+0155_sci_25.fits
/Users/peterli/Desktop/BS_thesis/nicmos_se_hr_10_001/se_nicmos_H_095815+0151_sci_25.fits,/Users/peterli/Desktop/BS_thesis/nicmos_se_lr_10_001/lr_se_nicmos_H_095815+0151_sci_25.fits
/Users/peterli/Desktop/BS_thesis/nicmos_se_hr_10_001/se_nicmos_H_095825+0147_sci_25.fits,/Users/peterli/Desktop/BS_thesis/nicmos_se_lr_10_001/lr_se_nicmos_H_095825+0147_sci_25.fits
/Users/peterli/Desktop/BS_thesis/nicmos_se_hr_10_001/se_nicmos_H_095938+0231_sci_25.fits,/Users/peterli/Desktop/BS_thesis/nicmos_se_lr_10_001/lr_se_nicmos_H_095938+0231_sci_25.fits
/Users/peterli/Desktop/BS_thesis/nicmos_se_hr_10_001/se_nicmos_H_100133+0134_sci_25.fits,/Users/peterli/Desktop/BS_thesis/nicmos_se_lr_10_001/lr_se_nicmos_H_100133+0134_sci_25.fits
/Users/peterli/Desktop/BS_thesis/nicmos_se_hr_10_001/se_nicmos_H_100201+0136_sci_25.fits,/Users/peterli/Desktop/BS_thesis/nicmos_se_lr_10_001/lr_se_nicmos_H_100201+0136_sci_25.fits
/Users/peterli/Desktop/BS_thesis/nicmos_se_hr_10_001/se_nicmos_H_095915+0236_sci_25.fits,/Users/peterli/Desktop/BS_thesis/nicmos_se_lr_10_001/lr_se_nicmos_H_095915+0236_sci_25.fits
/Users/peterli/Desktop/BS_thesis/nicmos_se_hr_10_001/se_nicmos_H_100216+0158_sci_25.fits,/Users/peterli/Desktop/BS_thesis/nicmos_se_lr_10_001/lr_se_nicmos_H_100216+0158_sci_25.fits
/Users/peterli/Desktop/BS_thesis/nicmos_se_hr_10_001/se_nicmos_H_100236+0247_sci_25.fits,/Users/peterli/Desktop/BS_thesis/nicmos_se_lr_10_001/lr_se_nicmos_H_100236+0247_sci_25.fits
/Users/peterli/Desktop/BS_thesis/nicmos_se_hr_10_001/se_nicmos_H_100121+0230_sci_25.fits,/Users/peterli/Desktop/BS_thesis/nicmos_se_lr_10_001/lr_se_nicmos_H_100121+0230_sci_25.fits
/Users/peterli/Desktop/BS_thesis/nicmos_se_hr_10_001/se_nicmos_H_095859+0214_sci_25.fits,/Users/peterli/Desktop/BS_thesis/nicmos_se_lr_10_001/lr_se_nicmos_H_095859+0214_sci_25.fits
/Users/peterli/Desktop/BS_thesis/nicmos_se_hr_10_001/se_nicmos_H_100204+0159_sci_25.fits,/Users/peterli/Desktop/BS_thesis/nicmos_se_lr_10_001/lr_se_nicmos_H_100204+0159_sci_25.fits
/Users/peterli/Desktop/BS_thesis/nicmos_se_hr_10_001/se_nicmos_H_100119+0151_sci_25.fits,/Users/peterli/Desktop/BS_thesis/nicmos_se_lr_10_001/lr_se_nicmos_H_100119+0151_sci_25.fits
/Users/peterli/Desktop/BS_thesis/nicmos_se_hr_10_001/se_nicmos_H_095812+0143_sci_25.fits,/Users/peterli/Desktop/BS_thesis/nicmos_se_lr_10_001/lr_se_nicmos_H_095812+0143_sci_25.fits
/Users/peterli/Desktop/BS_thesis/nicmos_se_hr_10_001/se_nicmos_H_100123+0138_sci_25.fits,/Users/peterli/Desktop/BS_thesis/nicmos_se_lr_10_001/lr_se_nicmos_H_100123+0138_sci_25.fits
/Users/peterli/Desktop/BS_thesis/nicmos_se_hr_10_001/se_nicmos_H_100241+0218_sci_25.fits,/Users/peterli/Desktop/BS_thesis/nicmos_se_lr_10_001/lr_se_nicmos_H_100241+0218_sci_25.fits
/Users/peterli/Desktop/BS_thesis/nicmos_se_hr_10_001/se_nicmos_H_095814+0127_sci_25.fits,/Users/peterli/Desktop/BS_thesis/nicmos_se_lr_10_001/lr_se_nicmos_H_095814+0127_sci_25.fits
/Users/peterli/Desktop/BS_thesis/nicmos_se_hr_10_001/se_nicmos_H_100158+0209_sci_25.fits,/Users/peterli/Desktop/BS_thesis/nicmos_se_lr_10_001/lr_se_nicmos_H_100158+0209_sci_25.fits
/Users/peterli/Desktop/BS_thesis/nicmos_se_hr_10_001/se_nicmos_H_100121+0135_sci_25.fits,/Users/peterli/Desktop/BS_thesis/nicmos_se_lr_10_001/lr_se_nicmos_H_100121+0135_sci_25.fits
/Users/peterli/Desktop/BS_thesis/nicmos_se_hr_10_001/se_nicmos_H_100023+0243_sci_25.fits,/Users/peterli/Desktop/BS_thesis/nicmos_se_lr_10_001/lr_se_nicmos_H_100023+0243_sci_25.fits
/Users/peterli/Desktop/BS_thesis/nicmos_se_hr_10_001/se_nicmos_H_100234+0208_sci_25.fits,/Users/peterli/Desktop/BS_thesis/nicmos_se_lr_10_001/lr_se_nicmos_H_100234+0208_sci_25.fits
/Users/peterli/Desktop/BS_thesis/nicmos_se_hr_10_001/se_nicmos_H_100040+0209_sci_25.fits,/Users/peterli/Desktop/BS_thesis/nicmos_se_lr_10_001/lr_se_nicmos_H_100040+0209_sci_25.fits
/Users/peterli/Desktop/BS_thesis/nicmos_se_hr_10_001/se_nicmos_H_100254+0217_sci_25.fits,/Users/peterli/Desktop/BS_thesis/nicmos_se_lr_10_001/lr_se_nicmos_H_100254+0217_sci_25.fits
/Users/peterli/Desktop/BS_thesis/nicmos_se_hr_10_001/se_nicmos_H_095902+0141_sci_25.fits,/Users/peterli/Desktop/BS_thesis/nicmos_se_lr_10_001/lr_se_nicmos_H_095902+0141_sci_25.fits
/Users/peterli/Desktop/BS_thesis/nicmos_se_hr_10_001/se_nicmos_H_095809+0201_sci_25.fits,/Users/peterli/Desktop/BS_thesis/nicmos_se_lr_10_001/lr_se_nicmos_H_095809+0201_sci_25.fits
/Users/peterli/Desktop/BS_thesis/nicmos_se_hr_10_001/se_nicmos_H_100001+0151_sci_25.fits,/Users/peterli/Desktop/BS_thesis/nicmos_se_lr_10_001/lr_se_nicmos_H_100001+0151_sci_25.fits
/Users/peterli/Desktop/BS_thesis/nicmos_se_hr_10_001/se_nicmos_H_100208+0205_sci_25.fits,/Users/peterli/Desktop/BS_thesis/nicmos_se_lr_10_001/lr_se_nicmos_H_100208+0205_sci_25.fits
/Users/peterli/Desktop/BS_thesis/nicmos_se_hr_10_001/se_nicmos_H_095906+0128_sci_25.fits,/Users/peterli/Desktop/BS_thesis/nicmos_se_lr_10_001/lr_se_nicmos_H_095906+0128_sci_25.fits
/Users/peterli/Desktop/BS_thesis/nicmos_se_hr_10_001/se_nicmos_H_100110+0139_sci_25.fits,/Users/peterli/Desktop/BS_thesis/nicmos_se_lr_10_001/lr_se_nicmos_H_100110+0139_sci_25.fits
/Users/peterli/Desktop/BS_thesis/nicmos_se_hr_10_001/se_nicmos_H_100050+0205_sci_25.fits,/Users/peterli/Desktop/BS_thesis/nicmos_se_lr_10_001/lr_se_nicmos_H_100050+0205_sci_25.fits
/Users/peterli/Desktop/BS_thesis/nicmos_se_hr_10_001/se_nicmos_H_100250+0250_sci_25.fits,/Users/peterli/Desktop/BS_thesis/nicmos_se_lr_10_001/lr_se_nicmos_H_100250+0250_sci_25.fits
/Users/peterli/Desktop/BS_thesis/nicmos_se_hr_10_001/se_nicmos_H_095904+0220_sci_25.fits,/Users/peterli/Desktop/BS_thesis/nicmos_se_lr_10_001/lr_se_nicmos_H_095904+0220_sci_25.fits
/Users/peterli/Desktop/BS_thesis/nicmos_se_hr_10_001/se_nicmos_H_100159+0213_sci_25.fits,/Users/peterli/Desktop/BS_thesis/nicmos_se_lr_10_001/lr_se_nicmos_H_100159+0213_sci_25.fits
/Users/peterli/Desktop/BS_thesis/nicmos_se_hr_10_001/se_nicmos_H_100239+0215_sci_25.fits,/Users/peterli/Desktop/BS_thesis/nicmos_se_lr_10_001/lr_se_nicmos_H_100239+0215_sci_25.fits
/Users/peterli/Desktop/BS_thesis/nicmos_se_hr_10_001/se_nicmos_H_095940+0139_sci_25.fits,/Users/peterli/Desktop/BS_thesis/nicmos_se_lr_10_001/lr_se_nicmos_H_095940+0139_sci_25.fits
/Users/peterli/Desktop/BS_thesis/nicmos_se_hr_10_001/se_nicmos_H_095919+0242_sci_25.fits,/Users/peterli/Desktop/BS_thesis/nicmos_se_lr_10_001/lr_se_nicmos_H_095919+0242_sci_25.fits
/Users/peterli/Desktop/BS_thesis/nicmos_se_hr_10_001/se_nicmos_H_100106+0227_sci_25.fits,/Users/peterli/Desktop/BS_thesis/nicmos_se_lr_10_001/lr_se_nicmos_H_100106+0227_sci_25.fits
/Users/peterli/Desktop/BS_thesis/nicmos_se_hr_10_001/se_nicmos_H_100108+0231_sci_25.fits,/Users/peterli/Desktop/BS_thesis/nicmos_se_lr_10_001/lr_se_nicmos_H_100108+0231_sci_25.fits
/Users/peterli/Desktop/BS_thesis/nicmos_se_hr_10_001/se_nicmos_H_100001+0227_sci_25.fits,/Users/peterli/Desktop/BS_thesis/nicmos_se_lr_10_001/lr_se_nicmos_H_100001+0227_sci_25.fits
/Users/peterli/Desktop/BS_thesis/nicmos_se_hr_10_001/se_nicmos_H_100210+0208_sci_25.fits,/Users/peterli/Desktop/BS_thesis/nicmos_se_lr_10_001/lr_se_nicmos_H_100210+0208_sci_25.fits
/Users/peterli/Desktop/BS_thesis/nicmos_se_hr_10_001/se_nicmos_H_100047+0143_sci_25.fits,/Users/peterli/Desktop/BS_thesis/nicmos_se_lr_10_001/lr_se_nicmos_H_100047+0143_sci_25.fits
/Users/peterli/Desktop/BS_thesis/nicmos_se_hr_10_001/se_nicmos_H_095820+0232_sci_25.fits,/Users/peterli/Desktop/BS_thesis/nicmos_se_lr_10_001/lr_se_nicmos_H_095820+0232_sci_25.fits
/Users/peterli/Desktop/BS_thesis/nicmos_se_hr_10_001/se_nicmos_H_100122+0254_sci_25.fits,/Users/peterli/Desktop/BS_thesis/nicmos_se_lr_10_001/lr_se_nicmos_H_100122+0254_sci_25.fits
/Users/peterli/Desktop/BS_thesis/nicmos_se_hr_10_001/se_nicmos_H_095853+0204_sci_25.fits,/Users/peterli/Desktop/BS_thesis/nicmos_se_lr_10_001/lr_se_nicmos_H_095853+0204_sci_25.fits
/Users/peterli/Desktop/BS_thesis/nicmos_se_hr_10_001/se_nicmos_H_100152+0219_sci_25.fits,/Users/peterli/Desktop/BS_thesis/nicmos_se_lr_10_001/lr_se_nicmos_H_100152+0219_sci_25.fits
/Users/peterli/Desktop/BS_thesis/nicmos_se_hr_10_001/se_nicmos_H_100059+0159_sci_25.fits,/Users/peterli/Desktop/BS_thesis/nicmos_se_lr_10_001/lr_se_nicmos_H_100059+0159_sci_25.fits
/Users/peterli/Desktop/BS_thesis/nicmos_se_hr_10_001/se_nicmos_H_095813+0243_sci_25.fits,/Users/peterli/Desktop/BS_thesis/nicmos_se_lr_10_001/lr_se_nicmos_H_095813+0243_sci_25.fits
/Users/peterli/Desktop/BS_thesis/nicmos_se_hr_10_001/se_nicmos_H_100046+0159_sci_25.fits,/Users/peterli/Desktop/BS_thesis/nicmos_se_lr_10_001/lr_se_nicmos_H_100046+0159_sci_25.fits
/Users/peterli/Desktop/BS_thesis/nicmos_se_hr_10_001/se_nicmos_H_095852+0240_sci_25.fits,/Users/peterli/Desktop/BS_thesis/nicmos_se_lr_10_001/lr_se_nicmos_H_095852+0240_sci_25.fits
/Users/peterli/Desktop/BS_thesis/nicmos_se_hr_10_001/se_nicmos_H_095949+0152_sci_25.fits,/Users/peterli/Desktop/BS_thesis/nicmos_se_lr_10_001/lr_se_nicmos_H_095949+0152_sci_25.fits
/Users/peterli/Desktop/BS_thesis/nicmos_se_hr_10_001/se_nicmos_H_100032+0256_sci_25.fits,/Users/peterli/Desktop/BS_thesis/nicmos_se_lr_10_001/lr_se_nicmos_H_100032+0256_sci_25.fits
/Users/peterli/Desktop/BS_thesis/nicmos_se_hr_10_001/se_nicmos_H_095756+0157_sci_25.fits,/Users/peterli/Desktop/BS_thesis/nicmos_se_lr_10_001/lr_se_nicmos_H_095756+0157_sci_25.fits
/Users/peterli/Desktop/BS_thesis/nicmos_se_hr_10_001/se_nicmos_H_095954+0218_sci_25.fits,/Users/peterli/Desktop/BS_thesis/nicmos_se_lr_10_001/lr_se_nicmos_H_095954+0218_sci_25.fits
/Users/peterli/Desktop/BS_thesis/nicmos_se_hr_10_001/se_nicmos_H_100202+0215_sci_25.fits,/Users/peterli/Desktop/BS_thesis/nicmos_se_lr_10_001/lr_se_nicmos_H_100202+0215_sci_25.fits
/Users/peterli/Desktop/BS_thesis/nicmos_se_hr_10_001/se_nicmos_H_100033+0220_sci_25.fits,/Users/peterli/Desktop/BS_thesis/nicmos_se_lr_10_001/lr_se_nicmos_H_100033+0220_sci_25.fits
/Users/peterli/Desktop/BS_thesis/nicmos_se_hr_10_001/se_nicmos_H_100056+0155_sci_25.fits,/Users/peterli/Desktop/BS_thesis/nicmos_se_lr_10_001/lr_se_nicmos_H_100056+0155_sci_25.fits
/Users/peterli/Desktop/BS_thesis/nicmos_se_hr_10_001/se_nicmos_H_095836+0218_sci_25.fits,/Users/peterli/Desktop/BS_thesis/nicmos_se_lr_10_001/lr_se_nicmos_H_095836+0218_sci_25.fits
/Users/peterli/Desktop/BS_thesis/nicmos_se_hr_10_001/se_nicmos_H_100150+0256_sci_25.fits,/Users/peterli/Desktop/BS_thesis/nicmos_se_lr_10_001/lr_se_nicmos_H_100150+0256_sci_25.fits
/Users/peterli/Desktop/BS_thesis/nicmos_se_hr_10_001/se_nicmos_H_100213+0231_sci_25.fits,/Users/peterli/Desktop/BS_thesis/nicmos_se_lr_10_001/lr_se_nicmos_H_100213+0231_sci_25.fits
/Users/peterli/Desktop/BS_thesis/nicmos_se_hr_10_001/se_nicmos_H_095834+0215_sci_25.fits,/Users/peterli/Desktop/BS_thesis/nicmos_se_lr_10_001/lr_se_nicmos_H_095834+0215_sci_25.fits
/Users/peterli/Desktop/BS_thesis/nicmos_se_hr_10_001/se_nicmos_H_095801+0242_sci_25.fits,/Users/peterli/Desktop/BS_thesis/nicmos_se_lr_10_001/lr_se_nicmos_H_095801+0242_sci_25.fits
/Users/peterli/Desktop/BS_thesis/nicmos_se_hr_10_001/se_nicmos_H_100119+0227_sci_25.fits,/Users/peterli/Desktop/BS_thesis/nicmos_se_lr_10_001/lr_se_nicmos_H_100119+0227_sci_25.fits
/Users/peterli/Desktop/BS_thesis/nicmos_se_hr_10_001/se_nicmos_H_100018+0233_sci_25.fits,/Users/peterli/Desktop/BS_thesis/nicmos_se_lr_10_001/lr_se_nicmos_H_100018+0233_sci_25.fits
/Users/peterli/Desktop/BS_thesis/nicmos_se_hr_10_001/se_nicmos_H_100131+0211_sci_25.fits,/Users/peterli/Desktop/BS_thesis/nicmos_se_lr_10_001/lr_se_nicmos_H_100131+0211_sci_25.fits
/Users/peterli/Desktop/BS_thesis/nicmos_se_hr_10_001/se_nicmos_H_095900+0233_sci_25.fits,/Users/peterli/Desktop/BS_thesis/nicmos_se_lr_10_001/lr_se_nicmos_H_095900+0233_sci_25.fits
/Users/peterli/Desktop/BS_thesis/nicmos_se_hr_10_001/se_nicmos_H_095856+0212_sci_25.fits,/Users/peterli/Desktop/BS_thesis/nicmos_se_lr_10_001/lr_se_nicmos_H_095856+0212_sci_25.fits
/Users/peterli/Desktop/BS_thesis/nicmos_se_hr_10_001/se_nicmos_H_100142+0147_sci_25.fits,/Users/peterli/Desktop/BS_thesis/nicmos_se_lr_10_001/lr_se_nicmos_H_100142+0147_sci_25.fits
/Users/peterli/Desktop/BS_thesis/nicmos_se_hr_10_001/se_nicmos_H_100144+0226_sci_25.fits,/Users/peterli/Desktop/BS_thesis/nicmos_se_lr_10_001/lr_se_nicmos_H_100144+0226_sci_25.fits
/Users/peterli/Desktop/BS_thesis/nicmos_se_hr_10_001/se_nicmos_H_100138+0200_sci_25.fits,/Users/peterli/Desktop/BS_thesis/nicmos_se_lr_10_001/lr_se_nicmos_H_100138+0200_sci_25.fits
/Users/peterli/Desktop/BS_thesis/nicmos_se_hr_10_001/se_nicmos_H_100142+0242_sci_25.fits,/Users/peterli/Desktop/BS_thesis/nicmos_se_lr_10_001/lr_se_nicmos_H_100142+0242_sci_25.fits
/Users/peterli/Desktop/BS_thesis/nicmos_se_hr_10_001/se_nicmos_H_095852+0225_sci_25.fits,/Users/peterli/Desktop/BS_thesis/nicmos_se_lr_10_001/lr_se_nicmos_H_095852+0225_sci_25.fits
/Users/peterli/Desktop/BS_thesis/nicmos_se_hr_10_001/se_nicmos_H_100207+0241_sci_25.fits,/Users/peterli/Desktop/BS_thesis/nicmos_se_lr_10_001/lr_se_nicmos_H_100207+0241_sci_25.fits
/Users/peterli/Desktop/BS_thesis/nicmos_se_hr_10_001/se_nicmos_H_095941+0159_sci_25.fits,/Users/peterli/Desktop/BS_thesis/nicmos_se_lr_10_001/lr_se_nicmos_H_095941+0159_sci_25.fits
/Users/peterli/Desktop/BS_thesis/nicmos_se_hr_10_001/se_nicmos_H_095828+0150_sci_25.fits,/Users/peterli/Desktop/BS_thesis/nicmos_se_lr_10_001/lr_se_nicmos_H_095828+0150_sci_25.fits
/Users/peterli/Desktop/BS_thesis/nicmos_se_hr_10_001/se_nicmos_H_095816+0150_sci_25.fits,/Users/peterli/Desktop/BS_thesis/nicmos_se_lr_10_001/lr_se_nicmos_H_095816+0150_sci_25.fits
/Users/peterli/Desktop/BS_thesis/nicmos_se_hr_10_001/se_nicmos_H_095948+0228_sci_25.fits,/Users/peterli/Desktop/BS_thesis/nicmos_se_lr_10_001/lr_se_nicmos_H_095948+0228_sci_25.fits
/Users/peterli/Desktop/BS_thesis/nicmos_se_hr_10_001/se_nicmos_H_100143+0206_sci_25.fits,/Users/peterli/Desktop/BS_thesis/nicmos_se_lr_10_001/lr_se_nicmos_H_100143+0206_sci_25.fits
/Users/peterli/Desktop/BS_thesis/nicmos_se_hr_10_001/se_nicmos_H_100042+0212_sci_25.fits,/Users/peterli/Desktop/BS_thesis/nicmos_se_lr_10_001/lr_se_nicmos_H_100042+0212_sci_25.fits
/Users/peterli/Desktop/BS_thesis/nicmos_se_hr_10_001/se_nicmos_H_095833+0155_sci_25.fits,/Users/peterli/Desktop/BS_thesis/nicmos_se_lr_10_001/lr_se_nicmos_H_095833+0155_sci_25.fits
/Users/peterli/Desktop/BS_thesis/nicmos_se_hr_10_001/se_nicmos_H_095951+0155_sci_25.fits,/Users/peterli/Desktop/BS_thesis/nicmos_se_lr_10_001/lr_se_nicmos_H_095951+0155_sci_25.fits
/Users/peterli/Desktop/BS_thesis/nicmos_se_hr_10_001/se_nicmos_H_095835+0234_sci_25.fits,/Users/peterli/Desktop/BS_thesis/nicmos_se_lr_10_001/lr_se_nicmos_H_095835+0234_sci_25.fits
/Users/peterli/Desktop/BS_thesis/nicmos_se_hr_10_001/se_nicmos_H_095816+0225_sci_25.fits,/Users/peterli/Desktop/BS_thesis/nicmos_se_lr_10_001/lr_se_nicmos_H_095816+0225_sci_25.fits
/Users/peterli/Desktop/BS_thesis/nicmos_se_hr_10_001/se_nicmos_H_095828+0225_sci_25.fits,/Users/peterli/Desktop/BS_thesis/nicmos_se_lr_10_001/lr_se_nicmos_H_095828+0225_sci_25.fits
/Users/peterli/Desktop/BS_thesis/nicmos_se_hr_10_001/se_nicmos_H_095953+0158_sci_25.fits,/Users/peterli/Desktop/BS_thesis/nicmos_se_lr_10_001/lr_se_nicmos_H_095953+0158_sci_25.fits
/Users/peterli/Desktop/BS_thesis/nicmos_se_hr_10_001/se_nicmos_H_095916+0219_sci_25.fits,/Users/peterli/Desktop/BS_thesis/nicmos_se_lr_10_001/lr_se_nicmos_H_095916+0219_sci_25.fits
/Users/peterli/Desktop/BS_thesis/nicmos_se_hr_10_001/se_nicmos_H_095823+0159_sci_25.fits,/Users/peterli/Desktop/BS_thesis/nicmos_se_lr_10_001/lr_se_nicmos_H_095823+0159_sci_25.fits
/Users/peterli/Desktop/BS_thesis/nicmos_se_hr_10_001/se_nicmos_H_095944+0146_sci_25.fits,/Users/peterli/Desktop/BS_thesis/nicmos_se_lr_10_001/lr_se_nicmos_H_095944+0146_sci_25.fits
/Users/peterli/Desktop/BS_thesis/nicmos_se_hr_10_001/se_nicmos_H_095953+0234_sci_25.fits,/Users/peterli/Desktop/BS_thesis/nicmos_se_lr_10_001/lr_se_nicmos_H_095953+0234_sci_25.fits
/Users/peterli/Desktop/BS_thesis/nicmos_se_hr_10_001/se_nicmos_H_100130+0207_sci_25.fits,/Users/peterli/Desktop/BS_thesis/nicmos_se_lr_10_001/lr_se_nicmos_H_100130+0207_sci_25.fits
/Users/peterli/Desktop/BS_thesis/nicmos_se_hr_10_001/se_nicmos_H_100136+0138_sci_25.fits,/Users/peterli/Desktop/BS_thesis/nicmos_se_lr_10_001/lr_se_nicmos_H_100136+0138_sci_25.fits
/Users/peterli/Desktop/BS_thesis/nicmos_se_hr_10_001/se_nicmos_H_100145+0150_sci_25.fits,/Users/peterli/Desktop/BS_thesis/nicmos_se_lr_10_001/lr_se_nicmos_H_100145+0150_sci_25.fits
/Users/peterli/Desktop/BS_thesis/nicmos_se_hr_10_001/se_nicmos_H_095908+0131_sci_25.fits,/Users/peterli/Desktop/BS_thesis/nicmos_se_lr_10_001/lr_se_nicmos_H_095908+0131_sci_25.fits
/Users/peterli/Desktop/BS_thesis/nicmos_se_hr_10_001/se_nicmos_H_100225+0156_sci_25.fits,/Users/peterli/Desktop/BS_thesis/nicmos_se_lr_10_001/lr_se_nicmos_H_100225+0156_sci_25.fits
/Users/peterli/Desktop/BS_thesis/nicmos_se_hr_10_001/se_nicmos_H_095950+0211_sci_25.fits,/Users/peterli/Desktop/BS_thesis/nicmos_se_lr_10_001/lr_se_nicmos_H_095950+0211_sci_25.fits
/Users/peterli/Desktop/BS_thesis/nicmos_se_hr_10_001/se_nicmos_H_100153+0148_sci_25.fits,/Users/peterli/Desktop/BS_thesis/nicmos_se_lr_10_001/lr_se_nicmos_H_100153+0148_sci_25.fits
/Users/peterli/Desktop/BS_thesis/nicmos_se_hr_10_001/se_nicmos_H_100229+0238_sci_25.fits,/Users/peterli/Desktop/BS_thesis/nicmos_se_lr_10_001/lr_se_nicmos_H_100229+0238_sci_25.fits
/Users/peterli/Desktop/BS_thesis/nicmos_se_hr_10_001/se_nicmos_H_095750+0226_sci_25.fits,/Users/peterli/Desktop/BS_thesis/nicmos_se_lr_10_001/lr_se_nicmos_H_095750+0226_sci_25.fits
/Users/peterli/Desktop/BS_thesis/nicmos_se_hr_10_001/se_nicmos_H_100212+0152_sci_25.fits,/Users/peterli/Desktop/BS_thesis/nicmos_se_lr_10_001/lr_se_nicmos_H_100212+0152_sci_25.fits
/Users/peterli/Desktop/BS_thesis/nicmos_se_hr_10_001/se_nicmos_H_095932+0241_sci_25.fits,/Users/peterli/Desktop/BS_thesis/nicmos_se_lr_10_001/lr_se_nicmos_H_095932+0241_sci_25.fits
/Users/peterli/Desktop/BS_thesis/nicmos_se_hr_10_001/se_nicmos_H_095832+0156_sci_25.fits,/Users/peterli/Desktop/BS_thesis/nicmos_se_lr_10_001/lr_se_nicmos_H_095832+0156_sci_25.fits
/Users/peterli/Desktop/BS_thesis/nicmos_se_hr_10_001/se_nicmos_H_095838+0202_sci_25.fits,/Users/peterli/Desktop/BS_thesis/nicmos_se_lr_10_001/lr_se_nicmos_H_095838+0202_sci_25.fits
/Users/peterli/Desktop/BS_thesis/nicmos_se_hr_10_001/se_nicmos_H_095936+0228_sci_25.fits,/Users/peterli/Desktop/BS_thesis/nicmos_se_lr_10_001/lr_se_nicmos_H_095936+0228_sci_25.fits
/Users/peterli/Desktop/BS_thesis/nicmos_se_hr_10_001/se_nicmos_H_095849+0217_sci_25.fits,/Users/peterli/Desktop/BS_thesis/nicmos_se_lr_10_001/lr_se_nicmos_H_095849+0217_sci_25.fits
/Users/peterli/Desktop/BS_thesis/nicmos_se_hr_10_001/se_nicmos_H_095919+0222_sci_25.fits,/Users/peterli/Desktop/BS_thesis/nicmos_se_lr_10_001/lr_se_nicmos_H_095919+0222_sci_25.fits
/Users/peterli/Desktop/BS_thesis/nicmos_se_hr_10_001/se_nicmos_H_100145+0249_sci_25.fits,/Users/peterli/Desktop/BS_thesis/nicmos_se_lr_10_001/lr_se_nicmos_H_100145+0249_sci_25.fits
/Users/peterli/Desktop/BS_thesis/nicmos_se_hr_10_001/se_nicmos_H_100105+0149_sci_25.fits,/Users/peterli/Desktop/BS_thesis/nicmos_se_lr_10_001/lr_se_nicmos_H_100105+0149_sci_25.fits
/Users/peterli/Desktop/BS_thesis/nicmos_se_hr_10_001/se_nicmos_H_100115+0240_sci_25.fits,/Users/peterli/Desktop/BS_thesis/nicmos_se_lr_10_001/lr_se_nicmos_H_100115+0240_sci_25.fits
/Users/peterli/Desktop/BS_thesis/nicmos_se_hr_10_001/se_nicmos_H_100024+0242_sci_25.fits,/Users/peterli/Desktop/BS_thesis/nicmos_se_lr_10_001/lr_se_nicmos_H_100024+0242_sci_25.fits
/Users/peterli/Desktop/BS_thesis/nicmos_se_hr_10_001/se_nicmos_H_100230+0202_sci_25.fits,/Users/peterli/Desktop/BS_thesis/nicmos_se_lr_10_001/lr_se_nicmos_H_100230+0202_sci_25.fits
/Users/peterli/Desktop/BS_thesis/nicmos_se_hr_10_001/se_nicmos_H_100036+0243_sci_25.fits,/Users/peterli/Desktop/BS_thesis/nicmos_se_lr_10_001/lr_se_nicmos_H_100036+0243_sci_25.fits
/Users/peterli/Desktop/BS_thesis/nicmos_se_hr_10_001/se_nicmos_H_095919+0127_sci_25.fits,/Users/peterli/Desktop/BS_thesis/nicmos_se_lr_10_001/lr_se_nicmos_H_095919+0127_sci_25.fits
/Users/peterli/Desktop/BS_thesis/nicmos_se_hr_10_001/se_nicmos_H_100117+0148_sci_25.fits,/Users/peterli/Desktop/BS_thesis/nicmos_se_lr_10_001/lr_se_nicmos_H_100117+0148_sci_25.fits
/Users/peterli/Desktop/BS_thesis/nicmos_se_hr_10_001/se_nicmos_H_095820+0157_sci_25.fits,/Users/peterli/Desktop/BS_thesis/nicmos_se_lr_10_001/lr_se_nicmos_H_095820+0157_sci_25.fits
/Users/peterli/Desktop/BS_thesis/nicmos_se_hr_10_001/se_nicmos_H_100258+0144_sci_25.fits,/Users/peterli/Desktop/BS_thesis/nicmos_se_lr_10_001/lr_se_nicmos_H_100258+0144_sci_25.fits
/Users/peterli/Desktop/BS_thesis/nicmos_se_hr_10_001/se_nicmos_H_100225+0211_sci_25.fits,/Users/peterli/Desktop/BS_thesis/nicmos_se_lr_10_001/lr_se_nicmos_H_100225+0211_sci_25.fits
/Users/peterli/Desktop/BS_thesis/nicmos_se_hr_10_001/se_nicmos_H_095942+0222_sci_25.fits,/Users/peterli/Desktop/BS_thesis/nicmos_se_lr_10_001/lr_se_nicmos_H_095942+0222_sci_25.fits
/Users/peterli/Desktop/BS_thesis/nicmos_se_hr_10_001/se_nicmos_H_100024+0147_sci_25.fits,/Users/peterli/Desktop/BS_thesis/nicmos_se_lr_10_001/lr_se_nicmos_H_100024+0147_sci_25.fits
/Users/peterli/Desktop/BS_thesis/nicmos_se_hr_10_001/se_nicmos_H_100115+0145_sci_25.fits,/Users/peterli/Desktop/BS_thesis/nicmos_se_lr_10_001/lr_se_nicmos_H_100115+0145_sci_25.fits
/Users/peterli/Desktop/BS_thesis/nicmos_se_hr_10_001/se_nicmos_H_095945+0150_sci_25.fits,/Users/peterli/Desktop/BS_thesis/nicmos_se_lr_10_001/lr_se_nicmos_H_095945+0150_sci_25.fits
/Users/peterli/Desktop/BS_thesis/nicmos_se_hr_10_001/se_nicmos_H_100040+0154_sci_25.fits,/Users/peterli/Desktop/BS_thesis/nicmos_se_lr_10_001/lr_se_nicmos_H_100040+0154_sci_25.fits
/Users/peterli/Desktop/BS_thesis/nicmos_se_hr_10_001/se_nicmos_H_100230+0217_sci_25.fits,/Users/peterli/Desktop/BS_thesis/nicmos_se_lr_10_001/lr_se_nicmos_H_100230+0217_sci_25.fits
/Users/peterli/Desktop/BS_thesis/nicmos_se_hr_10_001/se_nicmos_H_100030+0232_sci_25.fits,/Users/peterli/Desktop/BS_thesis/nicmos_se_lr_10_001/lr_se_nicmos_H_100030+0232_sci_25.fits
/Users/peterli/Desktop/BS_thesis/nicmos_se_hr_10_001/se_nicmos_H_100204+0218_sci_25.fits,/Users/peterli/Desktop/BS_thesis/nicmos_se_lr_10_001/lr_se_nicmos_H_100204+0218_sci_25.fits
/Users/peterli/Desktop/BS_thesis/nicmos_se_hr_10_001/se_nicmos_H_095952+0215_sci_25.fits,/Users/peterli/Desktop/BS_thesis/nicmos_se_lr_10_001/lr_se_nicmos_H_095952+0215_sci_25.fits
/Users/peterli/Desktop/BS_thesis/nicmos_se_hr_10_001/se_nicmos_H_100131+0226_sci_25.fits,/Users/peterli/Desktop/BS_thesis/nicmos_se_lr_10_001/lr_se_nicmos_H_100131+0226_sci_25.fits
/Users/peterli/Desktop/BS_thesis/nicmos_se_hr_10_001/se_nicmos_H_100053+0153_sci_25.fits,/Users/peterli/Desktop/BS_thesis/nicmos_se_lr_10_001/lr_se_nicmos_H_100053+0153_sci_25.fits
/Users/peterli/Desktop/BS_thesis/nicmos_se_hr_10_001/se_nicmos_H_100258+0224_sci_25.fits,/Users/peterli/Desktop/BS_thesis/nicmos_se_lr_10_001/lr_se_nicmos_H_100258+0224_sci_25.fits
/Users/peterli/Desktop/BS_thesis/nicmos_se_hr_10_001/se_nicmos_H_100253+0158_sci_25.fits,/Users/peterli/Desktop/BS_thesis/nicmos_se_lr_10_001/lr_se_nicmos_H_100253+0158_sci_25.fits
/Users/peterli/Desktop/BS_thesis/nicmos_se_hr_10_001/se_nicmos_H_095800+0203_sci_25.fits,/Users/peterli/Desktop/BS_thesis/nicmos_se_lr_10_001/lr_se_nicmos_H_095800+0203_sci_25.fits
/Users/peterli/Desktop/BS_thesis/nicmos_se_hr_10_001/se_nicmos_H_095847+0214_sci_25.fits,/Users/peterli/Desktop/BS_thesis/nicmos_se_lr_10_001/lr_se_nicmos_H_095847+0214_sci_25.fits
/Users/peterli/Desktop/BS_thesis/nicmos_se_hr_10_001/se_nicmos_H_100048+0223_sci_25.fits,/Users/peterli/Desktop/BS_thesis/nicmos_se_lr_10_001/lr_se_nicmos_H_100048+0223_sci_25.fits
/Users/peterli/Desktop/BS_thesis/nicmos_se_hr_10_001/se_nicmos_H_100112+0142_sci_25.fits,/Users/peterli/Desktop/BS_thesis/nicmos_se_lr_10_001/lr_se_nicmos_H_100112+0142_sci_25.fits
/Users/peterli/Desktop/BS_thesis/nicmos_se_hr_10_001/se_nicmos_H_100243+0221_sci_25.fits,/Users/peterli/Desktop/BS_thesis/nicmos_se_lr_10_001/lr_se_nicmos_H_100243+0221_sci_25.fits
/Users/peterli/Desktop/BS_thesis/nicmos_se_hr_10_001/se_nicmos_H_100251+0155_sci_25.fits,/Users/peterli/Desktop/BS_thesis/nicmos_se_lr_10_001/lr_se_nicmos_H_100251+0155_sci_25.fits
/Users/peterli/Desktop/BS_thesis/nicmos_se_hr_10_001/se_nicmos_H_100110+0214_sci_25.fits,/Users/peterli/Desktop/BS_thesis/nicmos_se_lr_10_001/lr_se_nicmos_H_100110+0214_sci_25.fits
/Users/peterli/Desktop/BS_thesis/nicmos_se_hr_10_001/se_nicmos_H_100101+0202_sci_25.fits,/Users/peterli/Desktop/BS_thesis/nicmos_se_lr_10_001/lr_se_nicmos_H_100101+0202_sci_25.fits
/Users/peterli/Desktop/BS_thesis/nicmos_se_hr_10_001/se_nicmos_H_100029+0153_sci_25.fits,/Users/peterli/Desktop/BS_thesis/nicmos_se_lr_10_001/lr_se_nicmos_H_100029+0153_sci_25.fits
/Users/peterli/Desktop/BS_thesis/nicmos_se_hr_10_001/se_nicmos_H_095911+0229_sci_25.fits,/Users/peterli/Desktop/BS_thesis/nicmos_se_lr_10_001/lr_se_nicmos_H_095911+0229_sci_25.fits
/Users/peterli/Desktop/BS_thesis/nicmos_se_hr_10_001/se_nicmos_H_095918+0203_sci_25.fits,/Users/peterli/Desktop/BS_thesis/nicmos_se_lr_10_001/lr_se_nicmos_H_095918+0203_sci_25.fits
/Users/peterli/Desktop/BS_thesis/nicmos_se_hr_10_001/se_nicmos_H_100034+0219_sci_25.fits,/Users/peterli/Desktop/BS_thesis/nicmos_se_lr_10_001/lr_se_nicmos_H_100034+0219_sci_25.fits
/Users/peterli/Desktop/BS_thesis/nicmos_se_hr_10_001/se_nicmos_H_100147+0213_sci_25.fits,/Users/peterli/Desktop/BS_thesis/nicmos_se_lr_10_001/lr_se_nicmos_H_100147+0213_sci_25.fits
/Users/peterli/Desktop/BS_thesis/nicmos_se_hr_10_001/se_nicmos_H_100135+0253_sci_25.fits,/Users/peterli/Desktop/BS_thesis/nicmos_se_lr_10_001/lr_se_nicmos_H_100135+0253_sci_25.fits
/Users/peterli/Desktop/BS_thesis/nicmos_se_hr_10_001/se_nicmos_H_100018+0218_sci_25.fits,/Users/peterli/Desktop/BS_thesis/nicmos_se_lr_10_001/lr_se_nicmos_H_100018+0218_sci_25.fits
/Users/peterli/Desktop/BS_thesis/nicmos_se_hr_10_001/se_nicmos_H_095752+0210_sci_25.fits,/Users/peterli/Desktop/BS_thesis/nicmos_se_lr_10_001/lr_se_nicmos_H_095752+0210_sci_25.fits
/Users/peterli/Desktop/BS_thesis/nicmos_se_hr_10_001/se_nicmos_H_095855+0152_sci_25.fits,/Users/peterli/Desktop/BS_thesis/nicmos_se_lr_10_001/lr_se_nicmos_H_095855+0152_sci_25.fits
/Users/peterli/Desktop/BS_thesis/nicmos_se_hr_10_001/se_nicmos_H_100217+0218_sci_25.fits,/Users/peterli/Desktop/BS_thesis/nicmos_se_lr_10_001/lr_se_nicmos_H_100217+0218_sci_25.fits
/Users/peterli/Desktop/BS_thesis/nicmos_se_hr_10_001/se_nicmos_H_100147+0153_sci_25.fits,/Users/peterli/Desktop/BS_thesis/nicmos_se_lr_10_001/lr_se_nicmos_H_100147+0153_sci_25.fits
/Users/peterli/Desktop/BS_thesis/nicmos_se_hr_10_001/se_nicmos_H_095821+0236_sci_25.fits,/Users/peterli/Desktop/BS_thesis/nicmos_se_lr_10_001/lr_se_nicmos_H_095821+0236_sci_25.fits
/Users/peterli/Desktop/BS_thesis/nicmos_se_hr_10_001/se_nicmos_H_100108+0136_sci_25.fits,/Users/peterli/Desktop/BS_thesis/nicmos_se_lr_10_001/lr_se_nicmos_H_100108+0136_sci_25.fits
/Users/peterli/Desktop/BS_thesis/nicmos_se_hr_10_001/se_nicmos_H_100125+0141_sci_25.fits,/Users/peterli/Desktop/BS_thesis/nicmos_se_lr_10_001/lr_se_nicmos_H_100125+0141_sci_25.fits
/Users/peterli/Desktop/BS_thesis/nicmos_se_hr_10_001/se_nicmos_H_100049+0222_sci_25.fits,/Users/peterli/Desktop/BS_thesis/nicmos_se_lr_10_001/lr_se_nicmos_H_100049+0222_sci_25.fits
/Users/peterli/Desktop/BS_thesis/nicmos_se_hr_10_001/se_nicmos_H_100215+0215_sci_25.fits,/Users/peterli/Desktop/BS_thesis/nicmos_se_lr_10_001/lr_se_nicmos_H_100215+0215_sci_25.fits
/Users/peterli/Desktop/BS_thesis/nicmos_se_hr_10_001/se_nicmos_H_095845+0230_sci_25.fits,/Users/peterli/Desktop/BS_thesis/nicmos_se_lr_10_001/lr_se_nicmos_H_095845+0230_sci_25.fits
/Users/peterli/Desktop/BS_thesis/nicmos_se_hr_10_001/se_nicmos_H_100150+0216_sci_25.fits,/Users/peterli/Desktop/BS_thesis/nicmos_se_lr_10_001/lr_se_nicmos_H_100150+0216_sci_25.fits
/Users/peterli/Desktop/BS_thesis/nicmos_se_hr_10_001/se_nicmos_H_095933+0225_sci_25.fits,/Users/peterli/Desktop/BS_thesis/nicmos_se_lr_10_001/lr_se_nicmos_H_095933+0225_sci_25.fits
/Users/peterli/Desktop/BS_thesis/nicmos_se_hr_10_001/se_nicmos_H_100032+0216_sci_25.fits,/Users/peterli/Desktop/BS_thesis/nicmos_se_lr_10_001/lr_se_nicmos_H_100032+0216_sci_25.fits
/Users/peterli/Desktop/BS_thesis/nicmos_se_hr_10_001/se_nicmos_H_095950+0231_sci_25.fits,/Users/peterli/Desktop/BS_thesis/nicmos_se_lr_10_001/lr_se_nicmos_H_095950+0231_sci_25.fits
/Users/peterli/Desktop/BS_thesis/nicmos_se_hr_10_001/se_nicmos_H_095933+0150_sci_25.fits,/Users/peterli/Desktop/BS_thesis/nicmos_se_lr_10_001/lr_se_nicmos_H_095933+0150_sci_25.fits
/Users/peterli/Desktop/BS_thesis/nicmos_se_hr_10_001/se_nicmos_H_095847+0138_sci_25.fits,/Users/peterli/Desktop/BS_thesis/nicmos_se_lr_10_001/lr_se_nicmos_H_095847+0138_sci_25.fits
/Users/peterli/Desktop/BS_thesis/nicmos_se_hr_10_001/se_nicmos_H_095937+0212_sci_25.fits,/Users/peterli/Desktop/BS_thesis/nicmos_se_lr_10_001/lr_se_nicmos_H_095937+0212_sci_25.fits
/Users/peterli/Desktop/BS_thesis/nicmos_se_hr_10_001/se_nicmos_H_095856+0132_sci_25.fits,/Users/peterli/Desktop/BS_thesis/nicmos_se_lr_10_001/lr_se_nicmos_H_095856+0132_sci_25.fits
/Users/peterli/Desktop/BS_thesis/nicmos_se_hr_10_001/se_nicmos_H_100240+0158_sci_25.fits,/Users/peterli/Desktop/BS_thesis/nicmos_se_lr_10_001/lr_se_nicmos_H_100240+0158_sci_25.fits
/Users/peterli/Desktop/BS_thesis/nicmos_se_hr_10_001/se_nicmos_H_100017+0213_sci_25.fits,/Users/peterli/Desktop/BS_thesis/nicmos_se_lr_10_001/lr_se_nicmos_H_100017+0213_sci_25.fits
/Users/peterli/Desktop/BS_thesis/nicmos_se_hr_10_001/se_nicmos_H_100107+0211_sci_25.fits,/Users/peterli/Desktop/BS_thesis/nicmos_se_lr_10_001/lr_se_nicmos_H_100107+0211_sci_25.fits
/Users/peterli/Desktop/BS_thesis/nicmos_se_hr_10_001/se_nicmos_H_100238+0250_sci_25.fits,/Users/peterli/Desktop/BS_thesis/nicmos_se_lr_10_001/lr_se_nicmos_H_100238+0250_sci_25.fits
/Users/peterli/Desktop/BS_thesis/nicmos_se_hr_10_001/se_nicmos_H_095853+0244_sci_25.fits,/Users/peterli/Desktop/BS_thesis/nicmos_se_lr_10_001/lr_se_nicmos_H_095853+0244_sci_25.fits
/Users/peterli/Desktop/BS_thesis/nicmos_se_hr_10_001/se_nicmos_H_100036+0148_sci_25.fits,/Users/peterli/Desktop/BS_thesis/nicmos_se_lr_10_001/lr_se_nicmos_H_100036+0148_sci_25.fits
/Users/peterli/Desktop/BS_thesis/nicmos_se_hr_10_001/se_nicmos_H_100122+0214_sci_25.fits,/Users/peterli/Desktop/BS_thesis/nicmos_se_lr_10_001/lr_se_nicmos_H_100122+0214_sci_25.fits
/Users/peterli/Desktop/BS_thesis/nicmos_se_hr_10_001/se_nicmos_H_095908+0226_sci_25.fits,/Users/peterli/Desktop/BS_thesis/nicmos_se_lr_10_001/lr_se_nicmos_H_095908+0226_sci_25.fits
/Users/peterli/Desktop/BS_thesis/nicmos_se_hr_10_001/se_nicmos_H_100129+0243_sci_25.fits,/Users/peterli/Desktop/BS_thesis/nicmos_se_lr_10_001/lr_se_nicmos_H_100129+0243_sci_25.fits
/Users/peterli/Desktop/BS_thesis/nicmos_se_hr_10_001/se_nicmos_H_100058+0234_sci_25.fits,/Users/peterli/Desktop/BS_thesis/nicmos_se_lr_10_001/lr_se_nicmos_H_100058+0234_sci_25.fits
/Users/peterli/Desktop/BS_thesis/nicmos_se_hr_10_001/se_nicmos_H_100238+0155_sci_25.fits,/Users/peterli/Desktop/BS_thesis/nicmos_se_lr_10_001/lr_se_nicmos_H_100238+0155_sci_25.fits
/Users/peterli/Desktop/BS_thesis/nicmos_se_hr_10_001/se_nicmos_H_100035+0143_sci_25.fits,/Users/peterli/Desktop/BS_thesis/nicmos_se_lr_10_001/lr_se_nicmos_H_100035+0143_sci_25.fits
/Users/peterli/Desktop/BS_thesis/nicmos_se_hr_10_001/se_nicmos_H_100133+0230_sci_25.fits,/Users/peterli/Desktop/BS_thesis/nicmos_se_lr_10_001/lr_se_nicmos_H_100133+0230_sci_25.fits
/Users/peterli/Desktop/BS_thesis/nicmos_se_hr_10_001/se_nicmos_H_100201+0232_sci_25.fits,/Users/peterli/Desktop/BS_thesis/nicmos_se_lr_10_001/lr_se_nicmos_H_100201+0232_sci_25.fits
/Users/peterli/Desktop/BS_thesis/nicmos_se_hr_10_001/se_nicmos_H_100146+0229_sci_25.fits,/Users/peterli/Desktop/BS_thesis/nicmos_se_lr_10_001/lr_se_nicmos_H_100146+0229_sci_25.fits
/Users/peterli/Desktop/BS_thesis/nicmos_se_hr_10_001/se_nicmos_H_100110+0234_sci_25.fits,/Users/peterli/Desktop/BS_thesis/nicmos_se_lr_10_001/lr_se_nicmos_H_100110+0234_sci_25.fits
/Users/peterli/Desktop/BS_thesis/nicmos_se_hr_10_001/se_nicmos_H_100241+0157_sci_25.fits,/Users/peterli/Desktop/BS_thesis/nicmos_se_lr_10_001/lr_se_nicmos_H_100241+0157_sci_25.fits
/Users/peterli/Desktop/BS_thesis/nicmos_se_hr_10_001/se_nicmos_H_100240+0254_sci_25.fits,/Users/peterli/Desktop/BS_thesis/nicmos_se_lr_10_001/lr_se_nicmos_H_100240+0254_sci_25.fits
/Users/peterli/Desktop/BS_thesis/nicmos_se_hr_10_001/se_nicmos_H_095847+0234_sci_25.fits,/Users/peterli/Desktop/BS_thesis/nicmos_se_lr_10_001/lr_se_nicmos_H_095847+0234_sci_25.fits
/Users/peterli/Desktop/BS_thesis/nicmos_se_hr_10_001/se_nicmos_H_100055+0212_sci_25.fits,/Users/peterli/Desktop/BS_thesis/nicmos_se_lr_10_001/lr_se_nicmos_H_100055+0212_sci_25.fits
/Users/peterli/Desktop/BS_thesis/nicmos_se_hr_10_001/se_nicmos_H_100209+0225_sci_25.fits,/Users/peterli/Desktop/BS_thesis/nicmos_se_lr_10_001/lr_se_nicmos_H_100209+0225_sci_25.fits
/Users/peterli/Desktop/BS_thesis/nicmos_se_hr_10_001/se_nicmos_H_100026+0151_sci_25.fits,/Users/peterli/Desktop/BS_thesis/nicmos_se_lr_10_001/lr_se_nicmos_H_100026+0151_sci_25.fits
/Users/peterli/Desktop/BS_thesis/nicmos_se_hr_10_001/se_nicmos_H_100253+0253_sci_25.fits,/Users/peterli/Desktop/BS_thesis/nicmos_se_lr_10_001/lr_se_nicmos_H_100253+0253_sci_25.fits
/Users/peterli/Desktop/BS_thesis/nicmos_se_hr_10_001/se_nicmos_H_100051+0150_sci_25.fits,/Users/peterli/Desktop/BS_thesis/nicmos_se_lr_10_001/lr_se_nicmos_H_100051+0150_sci_25.fits
/Users/peterli/Desktop/BS_thesis/nicmos_se_hr_10_001/se_nicmos_H_100156+0225_sci_25.fits,/Users/peterli/Desktop/BS_thesis/nicmos_se_lr_10_001/lr_se_nicmos_H_100156+0225_sci_25.fits
/Users/peterli/Desktop/BS_thesis/nicmos_se_hr_10_001/se_nicmos_H_100207+0146_sci_25.fits,/Users/peterli/Desktop/BS_thesis/nicmos_se_lr_10_001/lr_se_nicmos_H_100207+0146_sci_25.fits
/Users/peterli/Desktop/BS_thesis/nicmos_se_hr_10_001/se_nicmos_H_100042+0252_sci_25.fits,/Users/peterli/Desktop/BS_thesis/nicmos_se_lr_10_001/lr_se_nicmos_H_100042+0252_sci_25.fits
/Users/peterli/Desktop/BS_thesis/nicmos_se_hr_10_001/se_nicmos_H_100233+0149_sci_25.fits,/Users/peterli/Desktop/BS_thesis/nicmos_se_lr_10_001/lr_se_nicmos_H_100233+0149_sci_25.fits
/Users/peterli/Desktop/BS_thesis/nicmos_se_hr_10_001/se_nicmos_H_095827+0205_sci_25.fits,/Users/peterli/Desktop/BS_thesis/nicmos_se_lr_10_001/lr_se_nicmos_H_095827+0205_sci_25.fits
/Users/peterli/Desktop/BS_thesis/nicmos_se_hr_10_001/se_nicmos_H_100035+0223_sci_25.fits,/Users/peterli/Desktop/BS_thesis/nicmos_se_lr_10_001/lr_se_nicmos_H_100035+0223_sci_25.fits
/Users/peterli/Desktop/BS_thesis/nicmos_se_hr_10_001/se_nicmos_H_100127+0240_sci_25.fits,/Users/peterli/Desktop/BS_thesis/nicmos_se_lr_10_001/lr_se_nicmos_H_100127+0240_sci_25.fits
/Users/peterli/Desktop/BS_thesis/nicmos_se_hr_10_001/se_nicmos_H_100037+0242_sci_25.fits,/Users/peterli/Desktop/BS_thesis/nicmos_se_lr_10_001/lr_se_nicmos_H_100037+0242_sci_25.fits
/Users/peterli/Desktop/BS_thesis/nicmos_se_hr_10_001/se_nicmos_H_100109+0155_sci_25.fits,/Users/peterli/Desktop/BS_thesis/nicmos_se_lr_10_001/lr_se_nicmos_H_100109+0155_sci_25.fits
/Users/peterli/Desktop/BS_thesis/nicmos_se_hr_10_001/se_nicmos_H_100008+0141_sci_25.fits,/Users/peterli/Desktop/BS_thesis/nicmos_se_lr_10_001/lr_se_nicmos_H_100008+0141_sci_25.fits
/Users/peterli/Desktop/BS_thesis/nicmos_se_hr_10_001/se_nicmos_H_100128+0149_sci_25.fits,/Users/peterli/Desktop/BS_thesis/nicmos_se_lr_10_001/lr_se_nicmos_H_100128+0149_sci_25.fits
/Users/peterli/Desktop/BS_thesis/nicmos_se_hr_10_001/se_nicmos_H_100116+0149_sci_25.fits,/Users/peterli/Desktop/BS_thesis/nicmos_se_lr_10_001/lr_se_nicmos_H_100116+0149_sci_25.fits
/Users/peterli/Desktop/BS_thesis/nicmos_se_hr_10_001/se_nicmos_H_100256+0220_sci_25.fits,/Users/peterli/Desktop/BS_thesis/nicmos_se_lr_10_001/lr_se_nicmos_H_100256+0220_sci_25.fits
/Users/peterli/Desktop/BS_thesis/nicmos_se_hr_10_001/se_nicmos_H_095928+0140_sci_25.fits,/Users/peterli/Desktop/BS_thesis/nicmos_se_lr_10_001/lr_se_nicmos_H_095928+0140_sci_25.fits
/Users/peterli/Desktop/BS_thesis/nicmos_se_hr_10_001/se_nicmos_H_095817+0154_sci_25.fits,/Users/peterli/Desktop/BS_thesis/nicmos_se_lr_10_001/lr_se_nicmos_H_095817+0154_sci_25.fits
/Users/peterli/Desktop/BS_thesis/nicmos_se_hr_10_001/se_nicmos_H_095821+0156_sci_25.fits,/Users/peterli/Desktop/BS_thesis/nicmos_se_lr_10_001/lr_se_nicmos_H_095821+0156_sci_25.fits
/Users/peterli/Desktop/BS_thesis/nicmos_se_hr_10_001/se_nicmos_H_095914+0216_sci_25.fits,/Users/peterli/Desktop/BS_thesis/nicmos_se_lr_10_001/lr_se_nicmos_H_095914+0216_sci_25.fits
/Users/peterli/Desktop/BS_thesis/nicmos_se_hr_10_001/se_nicmos_H_100027+0210_sci_25.fits,/Users/peterli/Desktop/BS_thesis/nicmos_se_lr_10_001/lr_se_nicmos_H_100027+0210_sci_25.fits
/Users/peterli/Desktop/BS_thesis/nicmos_se_hr_10_001/se_nicmos_H_100145+0210_sci_25.fits,/Users/peterli/Desktop/BS_thesis/nicmos_se_lr_10_001/lr_se_nicmos_H_100145+0210_sci_25.fits
/Users/peterli/Desktop/BS_thesis/nicmos_se_hr_10_001/se_nicmos_H_100148+0253_sci_25.fits,/Users/peterli/Desktop/BS_thesis/nicmos_se_lr_10_001/lr_se_nicmos_H_100148+0253_sci_25.fits
/Users/peterli/Desktop/BS_thesis/nicmos_se_hr_10_001/se_nicmos_H_095759+0239_sci_25.fits,/Users/peterli/Desktop/BS_thesis/nicmos_se_lr_10_001/lr_se_nicmos_H_095759+0239_sci_25.fits
/Users/peterli/Desktop/BS_thesis/nicmos_se_hr_10_001/se_nicmos_H_095855+0207_sci_25.fits,/Users/peterli/Desktop/BS_thesis/nicmos_se_lr_10_001/lr_se_nicmos_H_095855+0207_sci_25.fits
/Users/peterli/Desktop/BS_thesis/nicmos_se_hr_10_001/se_nicmos_H_100215+0200_sci_25.fits,/Users/peterli/Desktop/BS_thesis/nicmos_se_lr_10_001/lr_se_nicmos_H_100215+0200_sci_25.fits
/Users/peterli/Desktop/BS_thesis/nicmos_se_hr_10_001/se_nicmos_H_095818+0228_sci_25.fits,/Users/peterli/Desktop/BS_thesis/nicmos_se_lr_10_001/lr_se_nicmos_H_095818+0228_sci_25.fits
/Users/peterli/Desktop/BS_thesis/nicmos_se_hr_10_001/se_nicmos_H_100104+0224_sci_25.fits,/Users/peterli/Desktop/BS_thesis/nicmos_se_lr_10_001/lr_se_nicmos_H_100104+0224_sci_25.fits
/Users/peterli/Desktop/BS_thesis/nicmos_se_hr_10_001/se_nicmos_H_100030+0217_sci_25.fits,/Users/peterli/Desktop/BS_thesis/nicmos_se_lr_10_001/lr_se_nicmos_H_100030+0217_sci_25.fits
/Users/peterli/Desktop/BS_thesis/nicmos_se_hr_10_001/se_nicmos_H_095853+0224_sci_25.fits,/Users/peterli/Desktop/BS_thesis/nicmos_se_lr_10_001/lr_se_nicmos_H_095853+0224_sci_25.fits
/Users/peterli/Desktop/BS_thesis/nicmos_se_hr_10_001/se_nicmos_H_095928+0159_sci_25.fits,/Users/peterli/Desktop/BS_thesis/nicmos_se_lr_10_001/lr_se_nicmos_H_095928+0159_sci_25.fits
/Users/peterli/Desktop/BS_thesis/nicmos_se_hr_10_001/se_nicmos_H_100045+0140_sci_25.fits,/Users/peterli/Desktop/BS_thesis/nicmos_se_lr_10_001/lr_se_nicmos_H_100045+0140_sci_25.fits
/Users/peterli/Desktop/BS_thesis/nicmos_se_hr_10_001/se_nicmos_H_100242+0202_sci_25.fits,/Users/peterli/Desktop/BS_thesis/nicmos_se_lr_10_001/lr_se_nicmos_H_100242+0202_sci_25.fits
/Users/peterli/Desktop/BS_thesis/nicmos_se_hr_10_001/se_nicmos_H_095814+0146_sci_25.fits,/Users/peterli/Desktop/BS_thesis/nicmos_se_lr_10_001/lr_se_nicmos_H_095814+0146_sci_25.fits
/Users/peterli/Desktop/BS_thesis/nicmos_se_hr_10_001/se_nicmos_H_095816+0210_sci_25.fits,/Users/peterli/Desktop/BS_thesis/nicmos_se_lr_10_001/lr_se_nicmos_H_095816+0210_sci_25.fits
/Users/peterli/Desktop/BS_thesis/nicmos_se_hr_10_001/se_nicmos_H_095946+0225_sci_25.fits,/Users/peterli/Desktop/BS_thesis/nicmos_se_lr_10_001/lr_se_nicmos_H_095946+0225_sci_25.fits
/Users/peterli/Desktop/BS_thesis/nicmos_se_hr_10_001/se_nicmos_H_095759+0220_sci_25.fits,/Users/peterli/Desktop/BS_thesis/nicmos_se_lr_10_001/lr_se_nicmos_H_095759+0220_sci_25.fits
/Users/peterli/Desktop/BS_thesis/nicmos_se_hr_10_001/se_nicmos_H_100219+0202_sci_25.fits,/Users/peterli/Desktop/BS_thesis/nicmos_se_lr_10_001/lr_se_nicmos_H_100219+0202_sci_25.fits
/Users/peterli/Desktop/BS_thesis/nicmos_se_hr_10_001/se_nicmos_H_100045+0235_sci_25.fits,/Users/peterli/Desktop/BS_thesis/nicmos_se_lr_10_001/lr_se_nicmos_H_100045+0235_sci_25.fits
/Users/peterli/Desktop/BS_thesis/nicmos_se_hr_10_001/se_nicmos_H_095757+0236_sci_25.fits,/Users/peterli/Desktop/BS_thesis/nicmos_se_lr_10_001/lr_se_nicmos_H_095757+0236_sci_25.fits
/Users/peterli/Desktop/BS_thesis/nicmos_se_hr_10_001/se_nicmos_H_095902+0217_sci_25.fits,/Users/peterli/Desktop/BS_thesis/nicmos_se_lr_10_001/lr_se_nicmos_H_095902+0217_sci_25.fits
/Users/peterli/Desktop/BS_thesis/nicmos_se_hr_10_001/se_nicmos_H_100227+0159_sci_25.fits,/Users/peterli/Desktop/BS_thesis/nicmos_se_lr_10_001/lr_se_nicmos_H_100227+0159_sci_25.fits
/Users/peterli/Desktop/BS_thesis/nicmos_se_hr_10_001/se_nicmos_H_095825+0223_sci_25.fits,/Users/peterli/Desktop/BS_thesis/nicmos_se_lr_10_001/lr_se_nicmos_H_095825+0223_sci_25.fits
/Users/peterli/Desktop/BS_thesis/nicmos_se_hr_10_001/se_nicmos_H_095754+0213_sci_25.fits,/Users/peterli/Desktop/BS_thesis/nicmos_se_lr_10_001/lr_se_nicmos_H_095754+0213_sci_25.fits
/Users/peterli/Desktop/BS_thesis/nicmos_se_hr_10_001/se_nicmos_H_100224+0227_sci_25.fits,/Users/peterli/Desktop/BS_thesis/nicmos_se_lr_10_001/lr_se_nicmos_H_100224+0227_sci_25.fits
/Users/peterli/Desktop/BS_thesis/nicmos_se_hr_10_001/se_nicmos_H_100133+0250_sci_25.fits,/Users/peterli/Desktop/BS_thesis/nicmos_se_lr_10_001/lr_se_nicmos_H_100133+0250_sci_25.fits
/Users/peterli/Desktop/BS_thesis/nicmos_se_hr_10_001/se_nicmos_H_100018+0138_sci_25.fits,/Users/peterli/Desktop/BS_thesis/nicmos_se_lr_10_001/lr_se_nicmos_H_100018+0138_sci_25.fits
/Users/peterli/Desktop/BS_thesis/nicmos_se_hr_10_001/se_nicmos_H_095754+0154_sci_25.fits,/Users/peterli/Desktop/BS_thesis/nicmos_se_lr_10_001/lr_se_nicmos_H_095754+0154_sci_25.fits
/Users/peterli/Desktop/BS_thesis/nicmos_se_hr_10_001/se_nicmos_H_095746+0220_sci_25.fits,/Users/peterli/Desktop/BS_thesis/nicmos_se_lr_10_001/lr_se_nicmos_H_095746+0220_sci_25.fits
/Users/peterli/Desktop/BS_thesis/nicmos_se_hr_10_001/se_nicmos_H_100206+0202_sci_25.fits,/Users/peterli/Desktop/BS_thesis/nicmos_se_lr_10_001/lr_se_nicmos_H_100206+0202_sci_25.fits
/Users/peterli/Desktop/BS_thesis/nicmos_se_hr_10_001/se_nicmos_H_095952+0159_sci_25.fits,/Users/peterli/Desktop/BS_thesis/nicmos_se_lr_10_001/lr_se_nicmos_H_095952+0159_sci_25.fits
/Users/peterli/Desktop/BS_thesis/nicmos_se_hr_10_001/se_nicmos_H_100126+0201_sci_25.fits,/Users/peterli/Desktop/BS_thesis/nicmos_se_lr_10_001/lr_se_nicmos_H_100126+0201_sci_25.fits
/Users/peterli/Desktop/BS_thesis/nicmos_se_hr_10_001/se_nicmos_H_095933+0130_sci_25.fits,/Users/peterli/Desktop/BS_thesis/nicmos_se_lr_10_001/lr_se_nicmos_H_095933+0130_sci_25.fits
/Users/peterli/Desktop/BS_thesis/nicmos_se_hr_10_001/se_nicmos_H_100151+0200_sci_25.fits,/Users/peterli/Desktop/BS_thesis/nicmos_se_lr_10_001/lr_se_nicmos_H_100151+0200_sci_25.fits
/Users/peterli/Desktop/BS_thesis/nicmos_se_hr_10_001/se_nicmos_H_100015+0155_sci_25.fits,/Users/peterli/Desktop/BS_thesis/nicmos_se_lr_10_001/lr_se_nicmos_H_100015+0155_sci_25.fits
/Users/peterli/Desktop/BS_thesis/nicmos_se_hr_10_001/se_nicmos_H_095813+0148_sci_25.fits,/Users/peterli/Desktop/BS_thesis/nicmos_se_lr_10_001/lr_se_nicmos_H_095813+0148_sci_25.fits
/Users/peterli/Desktop/BS_thesis/nicmos_se_hr_10_001/se_nicmos_H_100022+0224_sci_25.fits,/Users/peterli/Desktop/BS_thesis/nicmos_se_lr_10_001/lr_se_nicmos_H_100022+0224_sci_25.fits
/Users/peterli/Desktop/BS_thesis/nicmos_se_hr_10_001/se_nicmos_H_095935+0154_sci_25.fits,/Users/peterli/Desktop/BS_thesis/nicmos_se_lr_10_001/lr_se_nicmos_H_095935+0154_sci_25.fits
/Users/peterli/Desktop/BS_thesis/nicmos_se_hr_10_001/se_nicmos_H_100256+0240_sci_25.fits,/Users/peterli/Desktop/BS_thesis/nicmos_se_lr_10_001/lr_se_nicmos_H_100256+0240_sci_25.fits
/Users/peterli/Desktop/BS_thesis/nicmos_se_hr_10_001/se_nicmos_H_100000+0208_sci_25.fits,/Users/peterli/Desktop/BS_thesis/nicmos_se_lr_10_001/lr_se_nicmos_H_100000+0208_sci_25.fits
/Users/peterli/Desktop/BS_thesis/nicmos_se_hr_10_001/se_nicmos_H_095836+0158_sci_25.fits,/Users/peterli/Desktop/BS_thesis/nicmos_se_lr_10_001/lr_se_nicmos_H_095836+0158_sci_25.fits
/Users/peterli/Desktop/BS_thesis/nicmos_se_hr_10_001/se_nicmos_H_100116+0129_sci_25.fits,/Users/peterli/Desktop/BS_thesis/nicmos_se_lr_10_001/lr_se_nicmos_H_100116+0129_sci_25.fits
/Users/peterli/Desktop/BS_thesis/nicmos_se_hr_10_001/se_nicmos_H_100000+0153_sci_25.fits,/Users/peterli/Desktop/BS_thesis/nicmos_se_lr_10_001/lr_se_nicmos_H_100000+0153_sci_25.fits
/Users/peterli/Desktop/BS_thesis/nicmos_se_hr_10_001/se_nicmos_H_095946+0129_sci_25.fits,/Users/peterli/Desktop/BS_thesis/nicmos_se_lr_10_001/lr_se_nicmos_H_095946+0129_sci_25.fits
/Users/peterli/Desktop/BS_thesis/nicmos_se_hr_10_001/se_nicmos_H_095910+0134_sci_25.fits,/Users/peterli/Desktop/BS_thesis/nicmos_se_lr_10_001/lr_se_nicmos_H_095910+0134_sci_25.fits
/Users/peterli/Desktop/BS_thesis/nicmos_se_hr_10_001/se_nicmos_H_095851+0220_sci_25.fits,/Users/peterli/Desktop/BS_thesis/nicmos_se_lr_10_001/lr_se_nicmos_H_095851+0220_sci_25.fits
/Users/peterli/Desktop/BS_thesis/nicmos_se_hr_10_001/se_nicmos_H_095927+0235_sci_25.fits,/Users/peterli/Desktop/BS_thesis/nicmos_se_lr_10_001/lr_se_nicmos_H_095927+0235_sci_25.fits
/Users/peterli/Desktop/BS_thesis/nicmos_se_hr_10_001/se_nicmos_H_100140+0144_sci_25.fits,/Users/peterli/Desktop/BS_thesis/nicmos_se_lr_10_001/lr_se_nicmos_H_100140+0144_sci_25.fits
/Users/peterli/Desktop/BS_thesis/nicmos_se_hr_10_001/se_nicmos_H_095841+0129_sci_25.fits,/Users/peterli/Desktop/BS_thesis/nicmos_se_lr_10_001/lr_se_nicmos_H_095841+0129_sci_25.fits
/Users/peterli/Desktop/BS_thesis/nicmos_se_hr_10_001/se_nicmos_H_095931+0203_sci_25.fits,/Users/peterli/Desktop/BS_thesis/nicmos_se_lr_10_001/lr_se_nicmos_H_095931+0203_sci_25.fits
/Users/peterli/Desktop/BS_thesis/nicmos_se_hr_10_001/se_nicmos_H_095944+0221_sci_25.fits,/Users/peterli/Desktop/BS_thesis/nicmos_se_lr_10_001/lr_se_nicmos_H_095944+0221_sci_25.fits
/Users/peterli/Desktop/BS_thesis/nicmos_se_hr_10_001/se_nicmos_H_100022+0144_sci_25.fits,/Users/peterli/Desktop/BS_thesis/nicmos_se_lr_10_001/lr_se_nicmos_H_100022+0144_sci_25.fits
/Users/peterli/Desktop/BS_thesis/nicmos_se_hr_10_001/se_nicmos_H_100233+0240_sci_25.fits,/Users/peterli/Desktop/BS_thesis/nicmos_se_lr_10_001/lr_se_nicmos_H_100233+0240_sci_25.fits
/Users/peterli/Desktop/BS_thesis/nicmos_se_hr_10_001/se_nicmos_H_095900+0138_sci_25.fits,/Users/peterli/Desktop/BS_thesis/nicmos_se_lr_10_001/lr_se_nicmos_H_095900+0138_sci_25.fits
/Users/peterli/Desktop/BS_thesis/nicmos_se_hr_10_001/se_nicmos_H_095807+0213_sci_25.fits,/Users/peterli/Desktop/BS_thesis/nicmos_se_lr_10_001/lr_se_nicmos_H_095807+0213_sci_25.fits
/Users/peterli/Desktop/BS_thesis/nicmos_se_hr_10_001/se_nicmos_H_095748+0223_sci_25.fits,/Users/peterli/Desktop/BS_thesis/nicmos_se_lr_10_001/lr_se_nicmos_H_095748+0223_sci_25.fits
/Users/peterli/Desktop/BS_thesis/nicmos_se_hr_10_001/se_nicmos_H_100114+0221_sci_25.fits,/Users/peterli/Desktop/BS_thesis/nicmos_se_lr_10_001/lr_se_nicmos_H_100114+0221_sci_25.fits
/Users/peterli/Desktop/BS_thesis/nicmos_se_hr_10_001/se_nicmos_H_100247+0208_sci_25.fits,/Users/peterli/Desktop/BS_thesis/nicmos_se_lr_10_001/lr_se_nicmos_H_100247+0208_sci_25.fits
/Users/peterli/Desktop/BS_thesis/nicmos_se_hr_10_001/se_nicmos_H_100113+0201_sci_25.fits,/Users/peterli/Desktop/BS_thesis/nicmos_se_lr_10_001/lr_se_nicmos_H_100113+0201_sci_25.fits
/Users/peterli/Desktop/BS_thesis/nicmos_se_hr_10_001/se_nicmos_H_100045+0220_sci_25.fits,/Users/peterli/Desktop/BS_thesis/nicmos_se_lr_10_001/lr_se_nicmos_H_100045+0220_sci_25.fits
/Users/peterli/Desktop/BS_thesis/nicmos_se_hr_10_001/se_nicmos_H_095837+0142_sci_25.fits,/Users/peterli/Desktop/BS_thesis/nicmos_se_lr_10_001/lr_se_nicmos_H_095837+0142_sci_25.fits
/Users/peterli/Desktop/BS_thesis/nicmos_se_hr_10_001/se_nicmos_H_100051+0130_sci_25.fits,/Users/peterli/Desktop/BS_thesis/nicmos_se_lr_10_001/lr_se_nicmos_H_100051+0130_sci_25.fits
/Users/peterli/Desktop/BS_thesis/nicmos_se_hr_10_001/se_nicmos_H_100156+0130_sci_25.fits,/Users/peterli/Desktop/BS_thesis/nicmos_se_lr_10_001/lr_se_nicmos_H_100156+0130_sci_25.fits
/Users/peterli/Desktop/BS_thesis/nicmos_se_hr_10_001/se_nicmos_H_100257+0204_sci_25.fits,/Users/peterli/Desktop/BS_thesis/nicmos_se_lr_10_001/lr_se_nicmos_H_100257+0204_sci_25.fits
/Users/peterli/Desktop/BS_thesis/nicmos_se_hr_10_001/se_nicmos_H_095948+0208_sci_25.fits,/Users/peterli/Desktop/BS_thesis/nicmos_se_lr_10_001/lr_se_nicmos_H_095948+0208_sci_25.fits
/Users/peterli/Desktop/BS_thesis/nicmos_se_hr_10_001/se_nicmos_H_095825+0143_sci_25.fits,/Users/peterli/Desktop/BS_thesis/nicmos_se_lr_10_001/lr_se_nicmos_H_095825+0143_sci_25.fits
/Users/peterli/Desktop/BS_thesis/nicmos_se_hr_10_001/se_nicmos_H_100050+0146_sci_25.fits,/Users/peterli/Desktop/BS_thesis/nicmos_se_lr_10_001/lr_se_nicmos_H_100050+0146_sci_25.fits
/Users/peterli/Desktop/BS_thesis/nicmos_se_hr_10_001/se_nicmos_H_100209+0130_sci_25.fits,/Users/peterli/Desktop/BS_thesis/nicmos_se_lr_10_001/lr_se_nicmos_H_100209+0130_sci_25.fits
/Users/peterli/Desktop/BS_thesis/nicmos_se_hr_10_001/se_nicmos_H_095955+0142_sci_25.fits,/Users/peterli/Desktop/BS_thesis/nicmos_se_lr_10_001/lr_se_nicmos_H_095955+0142_sci_25.fits
/Users/peterli/Desktop/BS_thesis/nicmos_se_hr_10_001/se_nicmos_H_100127+0220_sci_25.fits,/Users/peterli/Desktop/BS_thesis/nicmos_se_lr_10_001/lr_se_nicmos_H_100127+0220_sci_25.fits
/Users/peterli/Desktop/BS_thesis/nicmos_se_hr_10_001/se_nicmos_H_095814+0226_sci_25.fits,/Users/peterli/Desktop/BS_thesis/nicmos_se_lr_10_001/lr_se_nicmos_H_095814+0226_sci_25.fits
/Users/peterli/Desktop/BS_thesis/nicmos_se_hr_10_001/se_nicmos_H_100118+0208_sci_25.fits,/Users/peterli/Desktop/BS_thesis/nicmos_se_lr_10_001/lr_se_nicmos_H_100118+0208_sci_25.fits
/Users/peterli/Desktop/BS_thesis/nicmos_se_hr_10_001/se_nicmos_H_100159+0153_sci_25.fits,/Users/peterli/Desktop/BS_thesis/nicmos_se_lr_10_001/lr_se_nicmos_H_100159+0153_sci_25.fits
/Users/peterli/Desktop/BS_thesis/nicmos_se_hr_10_001/se_nicmos_H_095858+0215_sci_25.fits,/Users/peterli/Desktop/BS_thesis/nicmos_se_lr_10_001/lr_se_nicmos_H_095858+0215_sci_25.fits
/Users/peterli/Desktop/BS_thesis/nicmos_se_hr_10_001/se_nicmos_H_095830+0208_sci_25.fits,/Users/peterli/Desktop/BS_thesis/nicmos_se_lr_10_001/lr_se_nicmos_H_095830+0208_sci_25.fits
/Users/peterli/Desktop/BS_thesis/nicmos_se_hr_10_001/se_nicmos_H_095830+0153_sci_25.fits,/Users/peterli/Desktop/BS_thesis/nicmos_se_lr_10_001/lr_se_nicmos_H_095830+0153_sci_25.fits
/Users/peterli/Desktop/BS_thesis/nicmos_se_hr_10_001/se_nicmos_H_100137+0201_sci_25.fits,/Users/peterli/Desktop/BS_thesis/nicmos_se_lr_10_001/lr_se_nicmos_H_100137+0201_sci_25.fits
/Users/peterli/Desktop/BS_thesis/nicmos_se_hr_10_001/se_nicmos_H_095931+0147_sci_25.fits,/Users/peterli/Desktop/BS_thesis/nicmos_se_lr_10_001/lr_se_nicmos_H_095931+0147_sci_25.fits
/Users/peterli/Desktop/BS_thesis/nicmos_se_hr_10_001/se_nicmos_H_095840+0245_sci_25.fits,/Users/peterli/Desktop/BS_thesis/nicmos_se_lr_10_001/lr_se_nicmos_H_095840+0245_sci_25.fits
/Users/peterli/Desktop/BS_thesis/nicmos_se_hr_10_001/se_nicmos_H_100004+0155_sci_25.fits,/Users/peterli/Desktop/BS_thesis/nicmos_se_lr_10_001/lr_se_nicmos_H_100004+0155_sci_25.fits
/Users/peterli/Desktop/BS_thesis/nicmos_se_hr_10_001/se_nicmos_H_100227+0214_sci_25.fits,/Users/peterli/Desktop/BS_thesis/nicmos_se_lr_10_001/lr_se_nicmos_H_100227+0214_sci_25.fits
/Users/peterli/Desktop/BS_thesis/nicmos_se_hr_10_001/se_nicmos_H_100016+0154_sci_25.fits,/Users/peterli/Desktop/BS_thesis/nicmos_se_lr_10_001/lr_se_nicmos_H_100016+0154_sci_25.fits
/Users/peterli/Desktop/BS_thesis/nicmos_se_hr_10_001/se_nicmos_H_100142+0223_sci_25.fits,/Users/peterli/Desktop/BS_thesis/nicmos_se_lr_10_001/lr_se_nicmos_H_100142+0223_sci_25.fits
/Users/peterli/Desktop/BS_thesis/nicmos_se_hr_10_001/se_nicmos_H_095943+0202_sci_25.fits,/Users/peterli/Desktop/BS_thesis/nicmos_se_lr_10_001/lr_se_nicmos_H_095943+0202_sci_25.fits
/Users/peterli/Desktop/BS_thesis/nicmos_se_hr_10_001/se_nicmos_H_100100+0142_sci_25.fits,/Users/peterli/Desktop/BS_thesis/nicmos_se_lr_10_001/lr_se_nicmos_H_100100+0142_sci_25.fits
/Users/peterli/Desktop/BS_thesis/nicmos_se_hr_10_001/se_nicmos_H_100005+0214_sci_25.fits,/Users/peterli/Desktop/BS_thesis/nicmos_se_lr_10_001/lr_se_nicmos_H_100005+0214_sci_25.fits
/Users/peterli/Desktop/BS_thesis/nicmos_se_hr_10_001/se_nicmos_H_100024+0208_sci_25.fits,/Users/peterli/Desktop/BS_thesis/nicmos_se_lr_10_001/lr_se_nicmos_H_100024+0208_sci_25.fits
/Users/peterli/Desktop/BS_thesis/nicmos_se_hr_10_001/se_nicmos_H_095953+0139_sci_25.fits,/Users/peterli/Desktop/BS_thesis/nicmos_se_lr_10_001/lr_se_nicmos_H_095953+0139_sci_25.fits
/Users/peterli/Desktop/BS_thesis/nicmos_se_hr_10_001/se_nicmos_H_100007+0237_sci_25.fits,/Users/peterli/Desktop/BS_thesis/nicmos_se_lr_10_001/lr_se_nicmos_H_100007+0237_sci_25.fits
/Users/peterli/Desktop/BS_thesis/nicmos_se_hr_10_001/se_nicmos_H_100255+0216_sci_25.fits,/Users/peterli/Desktop/BS_thesis/nicmos_se_lr_10_001/lr_se_nicmos_H_100255+0216_sci_25.fits
/Users/peterli/Desktop/BS_thesis/nicmos_se_hr_10_001/se_nicmos_H_100100+0237_sci_25.fits,/Users/peterli/Desktop/BS_thesis/nicmos_se_lr_10_001/lr_se_nicmos_H_100100+0237_sci_25.fits
/Users/peterli/Desktop/BS_thesis/nicmos_se_hr_10_001/se_nicmos_H_095833+0231_sci_25.fits,/Users/peterli/Desktop/BS_thesis/nicmos_se_lr_10_001/lr_se_nicmos_H_095833+0231_sci_25.fits
/Users/peterli/Desktop/BS_thesis/nicmos_se_hr_10_001/se_nicmos_H_095826+0222_sci_25.fits,/Users/peterli/Desktop/BS_thesis/nicmos_se_lr_10_001/lr_se_nicmos_H_095826+0222_sci_25.fits
/Users/peterli/Desktop/BS_thesis/nicmos_se_hr_10_001/se_nicmos_H_100112+0218_sci_25.fits,/Users/peterli/Desktop/BS_thesis/nicmos_se_lr_10_001/lr_se_nicmos_H_100112+0218_sci_25.fits
/Users/peterli/Desktop/BS_thesis/nicmos_se_hr_10_001/se_nicmos_H_095843+0132_sci_25.fits,/Users/peterli/Desktop/BS_thesis/nicmos_se_lr_10_001/lr_se_nicmos_H_095843+0132_sci_25.fits
/Users/peterli/Desktop/BS_thesis/nicmos_se_hr_10_001/se_nicmos_H_095957+0145_sci_25.fits,/Users/peterli/Desktop/BS_thesis/nicmos_se_lr_10_001/lr_se_nicmos_H_095957+0145_sci_25.fits
/Users/peterli/Desktop/BS_thesis/nicmos_se_hr_10_001/se_nicmos_H_100232+0220_sci_25.fits,/Users/peterli/Desktop/BS_thesis/nicmos_se_lr_10_001/lr_se_nicmos_H_100232+0220_sci_25.fits
/Users/peterli/Desktop/BS_thesis/nicmos_se_hr_10_001/se_nicmos_H_100038+0151_sci_25.fits,/Users/peterli/Desktop/BS_thesis/nicmos_se_lr_10_001/lr_se_nicmos_H_100038+0151_sci_25.fits
/Users/peterli/Desktop/BS_thesis/nicmos_se_hr_10_001/se_nicmos_H_095810+0235_sci_25.fits,/Users/peterli/Desktop/BS_thesis/nicmos_se_lr_10_001/lr_se_nicmos_H_095810+0235_sci_25.fits
/Users/peterli/Desktop/BS_thesis/nicmos_se_hr_10_001/se_nicmos_H_095753+0230_sci_25.fits,/Users/peterli/Desktop/BS_thesis/nicmos_se_lr_10_001/lr_se_nicmos_H_095753+0230_sci_25.fits
/Users/peterli/Desktop/BS_thesis/nicmos_se_hr_10_001/se_nicmos_H_100213+0212_sci_25.fits,/Users/peterli/Desktop/BS_thesis/nicmos_se_lr_10_001/lr_se_nicmos_H_100213+0212_sci_25.fits
/Users/peterli/Desktop/BS_thesis/nicmos_se_hr_10_001/se_nicmos_H_095957+0240_sci_25.fits,/Users/peterli/Desktop/BS_thesis/nicmos_se_lr_10_001/lr_se_nicmos_H_095957+0240_sci_25.fits
/Users/peterli/Desktop/BS_thesis/nicmos_se_hr_10_001/se_nicmos_H_095947+0149_sci_25.fits,/Users/peterli/Desktop/BS_thesis/nicmos_se_lr_10_001/lr_se_nicmos_H_095947+0149_sci_25.fits
/Users/peterli/Desktop/BS_thesis/nicmos_se_hr_10_001/se_nicmos_H_095908+0207_sci_25.fits,/Users/peterli/Desktop/BS_thesis/nicmos_se_lr_10_001/lr_se_nicmos_H_095908+0207_sci_25.fits
/Users/peterli/Desktop/BS_thesis/nicmos_se_hr_10_001/se_nicmos_H_100049+0241_sci_25.fits,/Users/peterli/Desktop/BS_thesis/nicmos_se_lr_10_001/lr_se_nicmos_H_100049+0241_sci_25.fits
/Users/peterli/Desktop/BS_thesis/nicmos_se_hr_10_001/se_nicmos_H_100141+0148_sci_25.fits,/Users/peterli/Desktop/BS_thesis/nicmos_se_lr_10_001/lr_se_nicmos_H_100141+0148_sci_25.fits
/Users/peterli/Desktop/BS_thesis/nicmos_se_hr_10_001/se_nicmos_H_095857+0210_sci_25.fits,/Users/peterli/Desktop/BS_thesis/nicmos_se_lr_10_001/lr_se_nicmos_H_095857+0210_sci_25.fits
/Users/peterli/Desktop/BS_thesis/nicmos_se_hr_10_001/se_nicmos_H_095815+0246_sci_25.fits,/Users/peterli/Desktop/BS_thesis/nicmos_se_lr_10_001/lr_se_nicmos_H_095815+0246_sci_25.fits
/Users/peterli/Desktop/BS_thesis/nicmos_se_hr_10_001/se_nicmos_H_100102+0146_sci_25.fits,/Users/peterli/Desktop/BS_thesis/nicmos_se_lr_10_001/lr_se_nicmos_H_100102+0146_sci_25.fits
/Users/peterli/Desktop/BS_thesis/nicmos_se_hr_10_001/se_nicmos_H_095958+0149_sci_25.fits,/Users/peterli/Desktop/BS_thesis/nicmos_se_lr_10_001/lr_se_nicmos_H_095958+0149_sci_25.fits
/Users/peterli/Desktop/BS_thesis/nicmos_se_hr_10_001/se_nicmos_H_095813+0222_sci_25.fits,/Users/peterli/Desktop/BS_thesis/nicmos_se_lr_10_001/lr_se_nicmos_H_095813+0222_sci_25.fits
/Users/peterli/Desktop/BS_thesis/nicmos_se_hr_10_001/se_nicmos_H_100205+0238_sci_25.fits,/Users/peterli/Desktop/BS_thesis/nicmos_se_lr_10_001/lr_se_nicmos_H_100205+0238_sci_25.fits
/Users/peterli/Desktop/BS_thesis/nicmos_se_hr_10_001/se_nicmos_H_100157+0150_sci_25.fits,/Users/peterli/Desktop/BS_thesis/nicmos_se_lr_10_001/lr_se_nicmos_H_100157+0150_sci_25.fits
/Users/peterli/Desktop/BS_thesis/nicmos_se_hr_10_001/se_nicmos_H_100249+0226_sci_25.fits,/Users/peterli/Desktop/BS_thesis/nicmos_se_lr_10_001/lr_se_nicmos_H_100249+0226_sci_25.fits
/Users/peterli/Desktop/BS_thesis/nicmos_se_hr_10_001/se_nicmos_H_100005+0233_sci_25.fits,/Users/peterli/Desktop/BS_thesis/nicmos_se_lr_10_001/lr_se_nicmos_H_100005+0233_sci_25.fits
/Users/peterli/Desktop/BS_thesis/nicmos_se_hr_10_001/se_nicmos_H_100155+0206_sci_25.fits,/Users/peterli/Desktop/BS_thesis/nicmos_se_lr_10_001/lr_se_nicmos_H_100155+0206_sci_25.fits
/Users/peterli/Desktop/BS_thesis/nicmos_se_hr_10_001/se_nicmos_H_095906+0223_sci_25.fits,/Users/peterli/Desktop/BS_thesis/nicmos_se_lr_10_001/lr_se_nicmos_H_095906+0223_sci_25.fits
/Users/peterli/Desktop/BS_thesis/nicmos_se_hr_10_001/se_nicmos_H_100023+0148_sci_25.fits,/Users/peterli/Desktop/BS_thesis/nicmos_se_lr_10_001/lr_se_nicmos_H_100023+0148_sci_25.fits
/Users/peterli/Desktop/BS_thesis/nicmos_se_hr_10_001/se_nicmos_H_100254+0237_sci_25.fits,/Users/peterli/Desktop/BS_thesis/nicmos_se_lr_10_001/lr_se_nicmos_H_100254+0237_sci_25.fits
/Users/peterli/Desktop/BS_thesis/nicmos_se_hr_10_001/se_nicmos_H_095925+0232_sci_25.fits,/Users/peterli/Desktop/BS_thesis/nicmos_se_lr_10_001/lr_se_nicmos_H_095925+0232_sci_25.fits
/Users/peterli/Desktop/BS_thesis/nicmos_se_hr_10_001/se_nicmos_H_100048+0147_sci_25.fits,/Users/peterli/Desktop/BS_thesis/nicmos_se_lr_10_001/lr_se_nicmos_H_100048+0147_sci_25.fits
/Users/peterli/Desktop/BS_thesis/nicmos_se_hr_10_001/se_nicmos_H_100111+0158_sci_25.fits,/Users/peterli/Desktop/BS_thesis/nicmos_se_lr_10_001/lr_se_nicmos_H_100111+0158_sci_25.fits
/Users/peterli/Desktop/BS_thesis/nicmos_se_hr_10_001/se_nicmos_H_100030+0253_sci_25.fits,/Users/peterli/Desktop/BS_thesis/nicmos_se_lr_10_001/lr_se_nicmos_H_100030+0253_sci_25.fits
/Users/peterli/Desktop/BS_thesis/nicmos_se_hr_10_001/se_nicmos_H_095809+0216_sci_25.fits,/Users/peterli/Desktop/BS_thesis/nicmos_se_lr_10_001/lr_se_nicmos_H_095809+0216_sci_25.fits
/Users/peterli/Desktop/BS_thesis/nicmos_se_hr_10_001/se_nicmos_H_100236+0212_sci_25.fits,/Users/peterli/Desktop/BS_thesis/nicmos_se_lr_10_001/lr_se_nicmos_H_100236+0212_sci_25.fits
/Users/peterli/Desktop/BS_thesis/nicmos_se_hr_10_001/se_nicmos_H_100203+0235_sci_25.fits,/Users/peterli/Desktop/BS_thesis/nicmos_se_lr_10_001/lr_se_nicmos_H_100203+0235_sci_25.fits
/Users/peterli/Desktop/BS_thesis/nicmos_se_hr_10_001/se_nicmos_H_100101+0221_sci_25.fits,/Users/peterli/Desktop/BS_thesis/nicmos_se_lr_10_001/lr_se_nicmos_H_100101+0221_sci_25.fits
/Users/peterli/Desktop/BS_thesis/nicmos_se_hr_10_001/se_nicmos_H_100203+0140_sci_25.fits,/Users/peterli/Desktop/BS_thesis/nicmos_se_lr_10_001/lr_se_nicmos_H_100203+0140_sci_25.fits
/Users/peterli/Desktop/BS_thesis/nicmos_se_hr_10_001/se_nicmos_H_100251+0134_sci_25.fits,/Users/peterli/Desktop/BS_thesis/nicmos_se_lr_10_001/lr_se_nicmos_H_100251+0134_sci_25.fits
/Users/peterli/Desktop/BS_thesis/nicmos_se_hr_10_001/se_nicmos_H_100245+0224_sci_25.fits,/Users/peterli/Desktop/BS_thesis/nicmos_se_lr_10_001/lr_se_nicmos_H_100245+0224_sci_25.fits
/Users/peterli/Desktop/BS_thesis/nicmos_se_hr_10_001/se_nicmos_H_095927+0256_sci_25.fits,/Users/peterli/Desktop/BS_thesis/nicmos_se_lr_10_001/lr_se_nicmos_H_095927+0256_sci_25.fits
/Users/peterli/Desktop/BS_thesis/nicmos_se_hr_10_001/se_nicmos_H_095751+0151_sci_25.fits,/Users/peterli/Desktop/BS_thesis/nicmos_se_lr_10_001/lr_se_nicmos_H_095751+0151_sci_25.fits
/Users/peterli/Desktop/BS_thesis/nicmos_se_hr_10_001/se_nicmos_H_100159+0133_sci_25.fits,/Users/peterli/Desktop/BS_thesis/nicmos_se_lr_10_001/lr_se_nicmos_H_100159+0133_sci_25.fits
/Users/peterli/Desktop/BS_thesis/nicmos_se_hr_10_001/se_nicmos_H_095910+0210_sci_25.fits,/Users/peterli/Desktop/BS_thesis/nicmos_se_lr_10_001/lr_se_nicmos_H_095910+0210_sci_25.fits
/Users/peterli/Desktop/BS_thesis/nicmos_se_hr_10_001/se_nicmos_H_100012+0228_sci_25.fits,/Users/peterli/Desktop/BS_thesis/nicmos_se_lr_10_001/lr_se_nicmos_H_100012+0228_sci_25.fits
/Users/peterli/Desktop/BS_thesis/nicmos_se_hr_10_001/se_nicmos_H_100211+0228_sci_25.fits,/Users/peterli/Desktop/BS_thesis/nicmos_se_lr_10_001/lr_se_nicmos_H_100211+0228_sci_25.fits
/Users/peterli/Desktop/BS_thesis/nicmos_se_hr_10_001/se_nicmos_H_095840+0150_sci_25.fits,/Users/peterli/Desktop/BS_thesis/nicmos_se_lr_10_001/lr_se_nicmos_H_095840+0150_sci_25.fits
/Users/peterli/Desktop/BS_thesis/nicmos_se_hr_10_001/se_nicmos_H_100011+0223_sci_25.fits,/Users/peterli/Desktop/BS_thesis/nicmos_se_lr_10_001/lr_se_nicmos_H_100011+0223_sci_25.fits
/Users/peterli/Desktop/BS_thesis/nicmos_se_hr_10_001/se_nicmos_H_095931+0222_sci_25.fits,/Users/peterli/Desktop/BS_thesis/nicmos_se_lr_10_001/lr_se_nicmos_H_095931+0222_sci_25.fits
/Users/peterli/Desktop/BS_thesis/nicmos_se_hr_10_001/se_nicmos_H_100005+0218_sci_25.fits,/Users/peterli/Desktop/BS_thesis/nicmos_se_lr_10_001/lr_se_nicmos_H_100005+0218_sci_25.fits
/Users/peterli/Desktop/BS_thesis/nicmos_se_hr_10_001/se_nicmos_H_095851+0201_sci_25.fits,/Users/peterli/Desktop/BS_thesis/nicmos_se_lr_10_001/lr_se_nicmos_H_095851+0201_sci_25.fits
/Users/peterli/Desktop/BS_thesis/nicmos_se_hr_10_001/se_nicmos_H_100141+0128_sci_25.fits,/Users/peterli/Desktop/BS_thesis/nicmos_se_lr_10_001/lr_se_nicmos_H_100141+0128_sci_25.fits
/Users/peterli/Desktop/BS_thesis/nicmos_se_hr_10_001/se_nicmos_H_100223+0208_sci_25.fits,/Users/peterli/Desktop/BS_thesis/nicmos_se_lr_10_001/lr_se_nicmos_H_100223+0208_sci_25.fits
/Users/peterli/Desktop/BS_thesis/nicmos_se_hr_10_001/se_nicmos_H_100134+0154_sci_25.fits,/Users/peterli/Desktop/BS_thesis/nicmos_se_lr_10_001/lr_se_nicmos_H_100134+0154_sci_25.fits
/Users/peterli/Desktop/BS_thesis/nicmos_se_hr_10_001/se_nicmos_H_095835+0139_sci_25.fits,/Users/peterli/Desktop/BS_thesis/nicmos_se_lr_10_001/lr_se_nicmos_H_095835+0139_sci_25.fits
/Users/peterli/Desktop/BS_thesis/nicmos_se_hr_10_001/se_nicmos_H_095824+0218_sci_25.fits,/Users/peterli/Desktop/BS_thesis/nicmos_se_lr_10_001/lr_se_nicmos_H_095824+0218_sci_25.fits
/Users/peterli/Desktop/BS_thesis/nicmos_se_hr_10_001/se_nicmos_H_100012+0148_sci_25.fits,/Users/peterli/Desktop/BS_thesis/nicmos_se_lr_10_001/lr_se_nicmos_H_100012+0148_sci_25.fits
/Users/peterli/Desktop/BS_thesis/nicmos_se_hr_10_001/se_nicmos_H_100141+0203_sci_25.fits,/Users/peterli/Desktop/BS_thesis/nicmos_se_lr_10_001/lr_se_nicmos_H_100141+0203_sci_25.fits
/Users/peterli/Desktop/BS_thesis/nicmos_se_hr_10_001/se_nicmos_H_100221+0205_sci_25.fits,/Users/peterli/Desktop/BS_thesis/nicmos_se_lr_10_001/lr_se_nicmos_H_100221+0205_sci_25.fits
/Users/peterli/Desktop/BS_thesis/nicmos_se_hr_10_001/se_nicmos_H_095938+0136_sci_25.fits,/Users/peterli/Desktop/BS_thesis/nicmos_se_lr_10_001/lr_se_nicmos_H_095938+0136_sci_25.fits
/Users/peterli/Desktop/BS_thesis/nicmos_se_hr_10_001/se_nicmos_H_095838+0221_sci_25.fits,/Users/peterli/Desktop/BS_thesis/nicmos_se_lr_10_001/lr_se_nicmos_H_095838+0221_sci_25.fits
/Users/peterli/Desktop/BS_thesis/nicmos_se_hr_10_001/se_nicmos_H_100043+0232_sci_25.fits,/Users/peterli/Desktop/BS_thesis/nicmos_se_lr_10_001/lr_se_nicmos_H_100043+0232_sci_25.fits
/Users/peterli/Desktop/BS_thesis/nicmos_se_hr_10_001/se_nicmos_H_095915+0141_sci_25.fits,/Users/peterli/Desktop/BS_thesis/nicmos_se_lr_10_001/lr_se_nicmos_H_095915+0141_sci_25.fits
/Users/peterli/Desktop/BS_thesis/nicmos_se_hr_10_001/se_nicmos_H_100010+0145_sci_25.fits,/Users/peterli/Desktop/BS_thesis/nicmos_se_lr_10_001/lr_se_nicmos_H_100010+0145_sci_25.fits
/Users/peterli/Desktop/BS_thesis/nicmos_se_hr_10_001/se_nicmos_H_095958+0129_sci_25.fits,/Users/peterli/Desktop/BS_thesis/nicmos_se_lr_10_001/lr_se_nicmos_H_095958+0129_sci_25.fits
/Users/peterli/Desktop/BS_thesis/nicmos_se_hr_10_001/se_nicmos_H_100250+0210_sci_25.fits,/Users/peterli/Desktop/BS_thesis/nicmos_se_lr_10_001/lr_se_nicmos_H_100250+0210_sci_25.fits
/Users/peterli/Desktop/BS_thesis/nicmos_se_hr_10_001/se_nicmos_H_100223+0153_sci_25.fits,/Users/peterli/Desktop/BS_thesis/nicmos_se_lr_10_001/lr_se_nicmos_H_100223+0153_sci_25.fits
/Users/peterli/Desktop/BS_thesis/nicmos_se_hr_10_001/se_nicmos_H_100244+0205_sci_25.fits,/Users/peterli/Desktop/BS_thesis/nicmos_se_lr_10_001/lr_se_nicmos_H_100244+0205_sci_25.fits
/Users/peterli/Desktop/BS_thesis/nicmos_se_hr_10_001/se_nicmos_H_100124+0158_sci_25.fits,/Users/peterli/Desktop/BS_thesis/nicmos_se_lr_10_001/lr_se_nicmos_H_100124+0158_sci_25.fits
/Users/peterli/Desktop/BS_thesis/nicmos_se_hr_10_001/se_nicmos_H_100103+0150_sci_25.fits,/Users/peterli/Desktop/BS_thesis/nicmos_se_lr_10_001/lr_se_nicmos_H_100103+0150_sci_25.fits
/Users/peterli/Desktop/BS_thesis/nicmos_se_hr_10_001/se_nicmos_H_100154+0222_sci_25.fits,/Users/peterli/Desktop/BS_thesis/nicmos_se_lr_10_001/lr_se_nicmos_H_100154+0222_sci_25.fits
/Users/peterli/Desktop/BS_thesis/nicmos_se_hr_10_001/se_nicmos_H_100024+0223_sci_25.fits,/Users/peterli/Desktop/BS_thesis/nicmos_se_lr_10_001/lr_se_nicmos_H_100024+0223_sci_25.fits
/Users/peterli/Desktop/BS_thesis/nicmos_se_hr_10_001/se_nicmos_H_100128+0204_sci_25.fits,/Users/peterli/Desktop/BS_thesis/nicmos_se_lr_10_001/lr_se_nicmos_H_100128+0204_sci_25.fits
/Users/peterli/Desktop/BS_thesis/nicmos_se_hr_10_001/se_nicmos_H_100116+0204_sci_25.fits,/Users/peterli/Desktop/BS_thesis/nicmos_se_lr_10_001/lr_se_nicmos_H_100116+0204_sci_25.fits
/Users/peterli/Desktop/BS_thesis/nicmos_se_hr_10_001/se_nicmos_H_100013+0152_sci_25.fits,/Users/peterli/Desktop/BS_thesis/nicmos_se_lr_10_001/lr_se_nicmos_H_100013+0152_sci_25.fits
/Users/peterli/Desktop/BS_thesis/nicmos_se_hr_10_001/se_nicmos_H_095825+0202_sci_25.fits,/Users/peterli/Desktop/BS_thesis/nicmos_se_lr_10_001/lr_se_nicmos_H_095825+0202_sci_25.fits
/Users/peterli/Desktop/BS_thesis/nicmos_se_hr_10_001/se_nicmos_H_095902+0236_sci_25.fits,/Users/peterli/Desktop/BS_thesis/nicmos_se_lr_10_001/lr_se_nicmos_H_095902+0236_sci_25.fits
/Users/peterli/Desktop/BS_thesis/nicmos_se_hr_10_001/se_nicmos_H_100036+0127_sci_25.fits,/Users/peterli/Desktop/BS_thesis/nicmos_se_lr_10_001/lr_se_nicmos_H_100036+0127_sci_25.fits
/Users/peterli/Desktop/BS_thesis/nicmos_se_hr_10_001/se_nicmos_H_100234+0224_sci_25.fits,/Users/peterli/Desktop/BS_thesis/nicmos_se_lr_10_001/lr_se_nicmos_H_100234+0224_sci_25.fits
/Users/peterli/Desktop/BS_thesis/nicmos_se_hr_10_001/se_nicmos_H_100047+0219_sci_25.fits,/Users/peterli/Desktop/BS_thesis/nicmos_se_lr_10_001/lr_se_nicmos_H_100047+0219_sci_25.fits
/Users/peterli/Desktop/BS_thesis/nicmos_se_hr_10_001/se_nicmos_H_100203+0220_sci_25.fits,/Users/peterli/Desktop/BS_thesis/nicmos_se_lr_10_001/lr_se_nicmos_H_100203+0220_sci_25.fits
/Users/peterli/Desktop/BS_thesis/nicmos_se_hr_10_001/se_nicmos_H_100152+0143_sci_25.fits,/Users/peterli/Desktop/BS_thesis/nicmos_se_lr_10_001/lr_se_nicmos_H_100152+0143_sci_25.fits
/Users/peterli/Desktop/BS_thesis/nicmos_se_hr_10_001/se_nicmos_H_100139+0220_sci_25.fits,/Users/peterli/Desktop/BS_thesis/nicmos_se_lr_10_001/lr_se_nicmos_H_100139+0220_sci_25.fits
